school,sex,age,address,famsize,Pstatus,Medu,Fedu,Mjob,Fjob,reason,guardian_x,traveltime_x,studytime_x,failures_x,schoolsup_x,famsup_x,paid_x,activities_x,nursery,higher_x,internet,romantic_x,famrel_x,freetime_x,goout_x,Dalc_x,Walc_x,health_x,absences_x,G1_x,G2_x,G3_x,guardian_y,traveltime_y,studytime_y,failures_y,schoolsup_y,famsup_y,paid_y,activities_y,higher_y,romantic_y,famrel_y,freetime_y,goout_y,Dalc_y,Walc_y,health_y,absences_y,G1_y,G2_y,G3_y,at_risk_math,at_risk_port,at_risk_total,total_absences,total_failures,mean_parent_edu,avg_study_time,family_support,avg_alcohol_consumption,internet_access,urban_rural,school_support
GP,F,18,U,GT3,A,4,4,at_home,teacher,course,mother,2,2,0,yes,no,no,no,yes,yes,no,no,4,3,4,1,1,3,6.0,5,6,6,mother,2,2,0,yes,no,no,no,yes,no,4,3,4,1,1,3,4,0,11,11,1,0,At Risk (Math Only),10.0,0,4.0,2.0,0,1.0,0,1,1
GP,F,17,U,GT3,T,1,1,at_home,other,course,father,1,2,0,no,yes,no,no,no,yes,yes,no,5,3,3,1,1,3,4.0,5,5,6,father,1,2,0,no,yes,no,no,yes,no,5,3,3,1,1,3,2,9,11,11,1,0,At Risk (Math Only),6.0,0,1.0,2.0,1,1.0,1,1,0
GP,F,15,U,LE3,T,1,1,at_home,other,other,mother,1,2,3,yes,no,yes,no,yes,yes,yes,no,4,3,2,2,3,3,10.0,7,8,10,mother,1,2,0,yes,no,no,no,yes,no,4,3,2,2,3,3,6,12,13,12,0,0,Not At Risk,16.0,3,1.0,2.0,0,2.0,1,1,1
GP,F,15,U,GT3,T,4,2,health,services,home,mother,1,3,0,no,yes,yes,yes,yes,yes,yes,yes,3,2,2,1,1,5,2.0,15,14,15,mother,1,3,0,no,yes,no,yes,yes,yes,3,2,2,1,1,5,0,14,14,14,0,0,Not At Risk,2.0,0,3.0,3.0,1,1.0,1,1,0
GP,F,16,U,GT3,T,3,3,other,other,home,father,1,2,0,no,yes,yes,no,yes,yes,no,no,4,3,2,1,2,5,4.0,6,10,10,father,1,2,0,no,yes,no,no,yes,no,4,3,2,1,2,5,0,11,13,13,0,0,Not At Risk,4.0,0,3.0,2.0,1,1.0,0,1,0
GP,M,16,U,LE3,T,4,3,services,other,reputation,mother,1,2,0,no,yes,yes,yes,yes,yes,yes,no,5,4,2,1,2,5,10.0,15,15,15,mother,1,2,0,no,yes,no,yes,yes,no,5,4,2,1,2,5,6,12,12,13,0,0,Not At Risk,16.0,0,3.5,2.0,1,1.0,1,1,0
GP,M,16,U,LE3,T,2,2,other,other,home,mother,1,2,0,no,no,no,no,yes,yes,yes,no,4,4,4,1,1,3,0.0,12,12,11,mother,1,2,0,no,no,no,no,yes,no,4,4,4,1,1,3,0,13,12,13,0,0,Not At Risk,0.0,0,2.0,2.0,0,1.0,1,1,0
GP,F,17,U,GT3,A,4,4,other,teacher,home,mother,2,2,0,yes,yes,no,no,yes,yes,no,no,4,1,4,1,1,1,6.0,6,5,6,mother,2,2,0,yes,yes,no,no,yes,no,4,1,4,1,1,1,2,10,13,13,1,0,At Risk (Math Only),8.0,0,4.0,2.0,1,1.0,0,1,1
GP,M,15,U,LE3,A,3,2,services,other,home,mother,1,2,0,no,yes,yes,no,yes,yes,yes,no,4,2,2,1,1,1,0.0,16,18,19,mother,1,2,0,no,yes,no,no,yes,no,4,2,2,1,1,1,0,15,16,17,0,0,Not At Risk,0.0,0,2.5,2.0,1,1.0,1,1,0
GP,M,15,U,GT3,T,3,4,other,other,home,mother,1,2,0,no,yes,yes,yes,yes,yes,yes,no,5,5,1,1,1,5,0.0,14,15,15,mother,1,2,0,no,yes,no,yes,yes,no,5,5,1,1,1,5,0,12,12,13,0,0,Not At Risk,0.0,0,3.5,2.0,1,1.0,1,1,0
GP,F,15,U,GT3,T,4,4,teacher,Other,reputation,mother,1,2,0,no,yes,yes,no,yes,yes,yes,no,3,3,3,1,2,2,0.0,10,8,9,mother,1,2,0,no,yes,no,no,yes,no,3,3,3,1,2,2,2,14,14,14,1,0,At Risk (Math Only),2.0,0,4.0,2.0,1,1.0,1,1,0
GP,F,15,U,GT3,T,2,1,services,other,reputation,father,3,3,0,no,yes,no,yes,yes,yes,yes,no,5,2,2,1,1,4,4.0,10,12,12,father,3,3,0,no,yes,no,yes,yes,no,5,2,2,1,1,4,0,10,12,13,0,0,Not At Risk,4.0,0,1.5,3.0,1,1.0,1,1,0
GP,M,15,U,LE3,T,4,4,health,services,course,father,1,1,0,no,yes,yes,yes,yes,yes,yes,no,4,3,3,1,3,5,2.0,14,14,14,father,1,1,0,no,yes,no,yes,yes,no,4,3,3,1,3,5,0,12,13,12,0,0,Not At Risk,2.0,0,4.0,1.0,1,1.0,1,1,0
GP,M,15,U,GT3,T,4,3,teacher,other,course,mother,2,2,0,no,yes,yes,no,yes,yes,yes,no,5,4,3,1,2,3,2.0,10,10,11,mother,2,2,0,no,yes,no,no,yes,no,5,4,3,1,2,3,0,12,12,13,0,0,Not At Risk,2.0,0,3.5,2.0,1,1.0,1,1,0
GP,M,15,U,GT3,A,2,2,other,other,home,Other,1,3,0,no,yes,no,no,yes,yes,yes,yes,4,5,2,1,1,3,0.0,14,16,16,Other,1,3,0,no,yes,no,no,yes,yes,4,5,2,1,1,3,0,14,14,15,0,0,Not At Risk,0.0,0,2.0,3.0,1,1.0,1,1,0
GP,F,16,U,GT3,T,4,4,health,other,home,mother,1,1,0,no,yes,no,no,yes,yes,yes,no,4,4,4,1,2,2,4.0,14,14,14,mother,1,1,0,no,yes,no,no,yes,no,4,4,4,1,2,2,6,17,17,17,0,0,Not At Risk,10.0,0,4.0,1.0,1,1.0,1,1,0
GP,F,16,U,GT3,T,4,4,services,services,reputation,mother,1,3,0,no,yes,yes,yes,yes,yes,yes,no,3,2,3,1,2,2,6.0,13,14,14,mother,1,3,0,no,yes,no,yes,yes,no,3,2,3,1,2,2,10,13,13,14,0,0,Not At Risk,16.0,0,4.0,3.0,1,1.0,1,1,0
GP,F,16,U,GT3,T,3,3,other,other,reputation,mother,3,2,0,yes,yes,no,yes,yes,yes,no,no,5,3,2,1,1,4,4.0,8,10,10,mother,3,2,0,yes,yes,no,yes,yes,no,5,3,2,1,1,4,2,13,14,14,0,0,Not At Risk,6.0,0,3.0,2.0,1,1.0,0,1,1
GP,M,17,U,GT3,T,3,2,services,services,course,mother,1,1,3,no,yes,no,yes,yes,yes,yes,no,5,5,5,2,4,5,16.0,6,5,5,mother,1,1,3,no,yes,yes,yes,yes,no,5,5,5,2,4,5,2,8,8,7,1,1,At Risk (Both),18.0,6,2.5,1.0,1,2.0,1,1,0
GP,M,16,U,LE3,T,4,3,health,other,home,father,1,1,0,no,no,yes,yes,yes,yes,yes,no,3,1,3,1,3,5,4.0,8,10,10,father,1,1,0,no,no,no,yes,yes,no,3,1,3,1,3,5,6,12,12,12,0,0,Not At Risk,10.0,0,3.5,1.0,0,1.0,1,1,0
GP,M,15,U,GT3,T,4,3,teacher,other,reputation,mother,1,2,0,no,no,no,no,yes,yes,yes,no,4,4,1,1,1,1,0.0,13,14,15,mother,1,2,0,no,no,no,no,yes,no,4,4,1,1,1,1,0,12,13,14,0,0,Not At Risk,0.0,0,3.5,2.0,0,1.0,1,1,0
GP,M,15,U,GT3,T,4,4,health,Other,other,father,1,1,0,no,yes,yes,no,yes,yes,yes,no,5,4,2,1,1,5,0.0,12,15,15,father,1,1,0,no,yes,yes,no,yes,no,5,4,2,1,1,5,0,11,12,12,0,0,Not At Risk,0.0,0,4.0,1.0,1,1.0,1,1,0
GP,M,16,U,LE3,T,4,2,teacher,other,course,mother,1,2,0,no,no,no,yes,yes,yes,yes,no,4,5,1,1,3,5,2.0,15,15,16,mother,1,2,0,no,no,no,yes,yes,no,4,5,1,1,3,5,0,12,13,14,0,0,Not At Risk,2.0,0,3.0,2.0,0,1.0,1,1,0
GP,M,16,U,LE3,T,2,2,other,other,reputation,mother,2,2,0,no,yes,no,yes,yes,yes,yes,no,5,4,4,2,4,5,0.0,13,13,12,mother,2,2,0,no,yes,no,yes,yes,no,5,4,4,2,4,5,2,10,10,10,0,0,Not At Risk,2.0,0,2.0,2.0,1,2.0,1,1,0
GP,F,15,R,GT3,T,2,4,services,Other,course,mother,1,3,0,yes,yes,yes,yes,yes,yes,yes,no,4,3,2,1,1,5,2.0,10,9,8,mother,1,3,0,yes,yes,no,yes,yes,no,4,3,2,1,1,5,2,10,11,10,1,0,At Risk (Math Only),4.0,0,3.0,3.0,1,1.0,1,0,1
GP,F,16,U,GT3,T,2,2,services,services,home,mother,1,1,2,no,yes,yes,no,no,yes,yes,no,1,2,2,1,3,5,14.0,6,9,8,mother,1,1,0,no,yes,no,no,yes,no,1,2,2,1,3,5,6,10,11,12,1,0,At Risk (Math Only),20.0,2,2.0,1.0,1,1.0,1,1,0
GP,M,15,U,GT3,T,2,2,other,other,home,mother,1,1,0,no,yes,yes,no,yes,yes,yes,no,4,2,2,1,2,5,2.0,12,12,11,mother,1,1,0,no,yes,no,no,yes,no,4,2,2,1,2,5,8,11,12,12,0,0,Not At Risk,10.0,0,2.0,1.0,1,1.0,1,1,0
GP,M,15,U,GT3,T,4,2,health,services,other,mother,1,1,0,no,no,yes,no,yes,yes,yes,no,2,2,4,2,4,1,4.0,15,16,15,mother,1,1,0,no,no,no,no,yes,no,2,2,4,2,4,1,0,11,11,11,0,0,Not At Risk,4.0,0,3.0,1.0,0,2.0,1,1,0
GP,M,16,U,LE3,A,3,4,services,other,home,mother,1,2,0,yes,yes,no,yes,yes,yes,yes,no,5,3,3,1,1,5,4.0,11,11,11,mother,1,2,0,yes,yes,yes,yes,yes,no,5,3,3,1,1,5,2,12,12,13,0,0,Not At Risk,6.0,0,3.5,2.0,1,1.0,1,1,1
GP,M,16,U,GT3,T,4,4,teacher,teacher,home,mother,1,2,0,no,yes,yes,yes,yes,yes,yes,yes,4,4,5,5,5,5,16.0,10,12,11,mother,1,2,0,no,yes,yes,yes,yes,yes,4,4,5,5,5,5,4,12,11,12,0,0,Not At Risk,20.0,0,4.0,2.0,1,5.0,1,1,0
GP,M,15,U,GT3,T,4,4,health,services,home,mother,1,2,0,no,yes,yes,no,no,yes,yes,no,5,4,2,3,4,5,0.0,9,11,12,mother,1,2,0,no,yes,yes,no,yes,no,5,4,2,3,4,5,0,10,11,11,0,0,Not At Risk,0.0,0,4.0,2.0,1,3.0,1,1,0
GP,M,15,U,GT3,T,4,4,services,services,reputation,mother,2,2,0,no,yes,no,yes,yes,yes,yes,no,4,3,1,1,1,5,0.0,17,16,17,mother,2,2,0,no,yes,no,yes,yes,no,4,3,1,1,1,5,2,15,15,15,0,0,Not At Risk,2.0,0,4.0,2.0,1,1.0,1,1,0
GP,M,15,R,GT3,T,4,3,teacher,Other,course,mother,1,2,0,no,yes,no,yes,yes,yes,yes,yes,4,5,2,1,1,5,0.0,17,16,16,mother,1,2,0,no,yes,no,yes,yes,yes,4,5,2,1,1,5,0,13,14,15,0,0,Not At Risk,0.0,0,3.5,2.0,1,1.0,1,0,0
GP,M,15,U,LE3,T,3,3,other,other,course,mother,1,2,0,no,no,no,yes,no,yes,yes,no,5,3,2,1,1,2,0.0,8,10,12,mother,1,2,0,no,no,no,yes,yes,no,5,3,2,1,1,2,0,13,12,12,0,0,Not At Risk,0.0,0,3.0,2.0,0,1.0,1,1,0
GP,M,16,U,GT3,T,3,2,other,other,home,mother,1,1,0,no,yes,yes,no,no,yes,yes,no,5,4,3,1,1,5,0.0,12,14,15,mother,1,1,0,no,yes,no,no,yes,no,5,4,3,1,1,5,4,12,12,12,0,0,Not At Risk,4.0,0,2.5,1.0,1,1.0,1,1,0
GP,F,15,U,GT3,T,2,3,other,other,other,father,2,1,0,no,yes,no,yes,yes,yes,no,no,3,5,1,1,1,5,0.0,8,7,6,father,2,1,0,no,yes,no,yes,yes,no,3,5,1,1,1,5,4,11,11,11,1,0,At Risk (Math Only),4.0,0,2.5,1.0,1,1.0,0,1,0
GP,M,15,U,LE3,T,4,3,teacher,services,home,mother,1,3,0,no,yes,no,yes,yes,yes,yes,no,5,4,3,1,1,4,2.0,15,16,18,mother,1,3,0,no,yes,no,yes,yes,no,5,4,3,1,1,4,0,14,14,14,0,0,Not At Risk,2.0,0,3.5,3.0,1,1.0,1,1,0
GP,M,16,R,GT3,A,4,4,other,teacher,reputation,mother,2,3,0,no,yes,no,yes,yes,yes,yes,yes,2,4,3,1,1,5,7.0,15,16,15,mother,2,3,0,no,yes,no,yes,yes,yes,2,4,3,1,1,5,4,13,13,13,0,0,Not At Risk,11.0,0,4.0,3.0,1,1.0,1,0,0
GP,F,15,R,GT3,T,3,4,services,Other,course,mother,1,3,0,yes,yes,yes,yes,yes,yes,yes,no,4,3,2,1,1,5,2.0,12,12,11,mother,1,3,0,yes,yes,no,yes,yes,no,4,3,2,1,1,5,2,11,12,12,0,0,Not At Risk,4.0,0,3.5,3.0,1,1.0,1,0,1
GP,F,15,R,GT3,T,2,2,at_home,other,reputation,mother,1,1,0,yes,yes,yes,yes,yes,yes,no,no,4,3,1,1,1,2,8.0,14,13,13,mother,1,1,0,yes,yes,no,yes,yes,no,4,3,1,1,1,2,8,14,13,12,0,0,Not At Risk,16.0,0,2.0,1.0,1,1.0,0,0,1
GP,F,16,U,LE3,T,2,2,other,other,home,mother,2,2,1,no,yes,no,yes,no,yes,yes,yes,3,3,3,1,2,3,17.94999999999999,7,10,11,mother,2,2,0,no,yes,no,yes,yes,yes,3,3,3,1,2,3,14,11,11,10,0,0,Not At Risk,31.94999999999999,1,2.0,2.0,1,1.0,1,1,0
GP,M,15,U,LE3,T,4,4,teacher,other,home,Other,1,1,0,no,yes,no,no,no,yes,yes,yes,5,4,3,2,4,5,8.0,12,12,12,Other,1,1,0,no,yes,no,no,yes,yes,5,4,3,2,4,5,8,10,11,11,0,0,Not At Risk,16.0,0,4.0,1.0,1,2.0,1,1,0
GP,M,15,U,GT3,T,4,4,services,teacher,course,father,1,2,0,no,yes,no,yes,yes,yes,yes,no,4,3,3,1,1,5,2.0,19,18,18,father,1,2,0,no,yes,no,yes,yes,no,4,3,3,1,1,5,0,14,15,15,0,0,Not At Risk,2.0,0,4.0,2.0,1,1.0,1,1,0
GP,M,15,U,GT3,T,2,2,services,services,course,father,1,1,0,yes,yes,no,no,yes,yes,yes,no,5,4,1,1,1,1,0.0,8,8,11,father,1,1,0,yes,yes,no,no,yes,no,5,4,1,1,1,1,0,9,10,10,0,0,Not At Risk,0.0,0,2.0,1.0,1,1.0,1,1,1
GP,F,16,U,LE3,T,2,2,other,Other,course,father,2,2,1,yes,no,no,yes,yes,yes,yes,no,4,3,3,2,2,5,14.0,10,10,9,father,2,2,1,yes,no,no,yes,yes,no,4,3,3,2,2,5,14,10,11,11,1,0,At Risk (Math Only),28.0,2,2.0,2.0,0,2.0,1,1,1
GP,F,15,U,LE3,A,4,3,other,other,course,mother,1,2,0,yes,yes,yes,yes,yes,yes,yes,yes,5,2,2,1,1,5,8.0,8,8,6,mother,1,2,0,yes,yes,yes,yes,yes,yes,5,2,2,1,1,5,4,10,11,11,1,0,At Risk (Math Only),12.0,0,3.5,2.0,1,1.0,1,1,1
GP,F,16,U,LE3,A,3,3,other,services,home,mother,1,2,0,no,yes,no,no,yes,yes,yes,no,2,3,5,1,4,3,12.0,11,12,11,mother,1,2,0,no,yes,no,no,yes,no,2,3,5,1,4,3,6,13,12,13,0,0,Not At Risk,18.0,0,3.0,2.0,1,1.0,1,1,0
GP,M,16,U,GT3,T,4,3,health,services,reputation,mother,1,4,0,no,no,no,yes,yes,yes,yes,no,4,2,2,1,1,2,4.0,19,19,20,mother,1,4,0,no,no,no,yes,yes,no,4,2,2,1,1,2,2,17,17,17,0,0,Not At Risk,6.0,0,3.5,4.0,0,1.0,1,1,0
GP,M,15,U,GT3,T,4,2,teacher,other,home,mother,1,2,0,no,yes,yes,no,yes,yes,no,no,4,3,3,2,2,5,2.0,15,15,14,mother,1,2,0,no,yes,no,no,yes,no,4,3,3,2,2,5,4,11,12,13,0,0,Not At Risk,6.0,0,3.0,2.0,1,2.0,0,1,0
GP,F,15,U,GT3,T,4,4,services,teacher,other,father,1,2,1,yes,yes,no,yes,no,yes,yes,no,4,4,4,1,1,3,2.0,7,7,7,father,1,2,0,yes,yes,no,yes,yes,no,4,4,4,1,1,3,2,13,12,12,1,0,At Risk (Math Only),4.0,1,4.0,2.0,1,1.0,1,1,1
GP,F,16,U,LE3,T,2,2,services,services,course,mother,3,2,0,no,yes,yes,no,yes,yes,yes,no,4,3,3,2,3,4,2.0,12,13,13,mother,3,2,0,no,yes,no,no,yes,no,4,3,3,2,3,4,0,14,13,13,0,0,Not At Risk,2.0,0,2.0,2.0,1,2.0,1,1,0
GP,F,15,U,LE3,T,4,2,health,other,other,mother,1,2,0,no,yes,yes,no,yes,yes,yes,no,4,3,3,1,1,5,2.0,11,13,13,mother,1,2,0,no,yes,no,no,yes,no,4,3,3,1,1,5,0,16,14,16,0,0,Not At Risk,2.0,0,3.0,2.0,1,1.0,1,1,0
GP,M,15,U,LE3,A,4,2,health,Other,other,father,2,1,1,no,no,no,no,yes,yes,no,no,5,5,5,3,4,5,6.0,11,11,10,father,2,1,0,no,no,no,no,yes,no,5,5,5,3,4,5,4,10,9,9,0,1,At Risk (Port Only),10.0,1,3.0,1.0,0,3.0,0,1,0
GP,F,15,U,GT3,T,4,4,services,services,course,mother,1,1,0,yes,yes,yes,no,yes,yes,yes,no,3,3,4,2,3,5,0.0,8,10,11,mother,1,1,0,yes,yes,no,no,yes,no,3,3,4,2,3,5,0,13,12,12,0,0,Not At Risk,0.0,0,4.0,1.0,1,2.0,1,1,1
GP,F,15,U,LE3,A,3,3,other,other,other,mother,1,1,0,no,no,yes,no,yes,yes,yes,no,5,3,4,4,4,1,6.0,10,13,13,mother,1,1,0,no,no,no,no,yes,no,5,3,4,4,4,1,0,13,12,13,0,0,Not At Risk,6.0,0,3.0,1.0,0,4.0,1,1,0
GP,F,16,U,GT3,A,2,1,other,other,other,mother,1,2,0,no,no,yes,yes,yes,yes,yes,yes,5,3,4,1,1,2,8.0,8,9,10,mother,1,2,0,no,no,no,yes,yes,yes,5,3,4,1,1,2,2,12,13,12,0,0,Not At Risk,10.0,0,1.5,2.0,0,1.0,1,1,0
GP,F,15,U,GT3,A,4,3,services,services,reputation,mother,1,2,0,no,yes,yes,yes,yes,yes,yes,no,4,3,2,1,1,1,0.0,14,15,15,mother,1,2,0,no,yes,no,yes,yes,no,4,3,2,1,1,1,0,15,14,15,0,0,Not At Risk,0.0,0,3.5,2.0,1,1.0,1,1,0
GP,M,15,U,GT3,T,4,4,teacher,Other,reputation,mother,1,2,0,no,yes,no,yes,yes,yes,no,no,3,2,2,1,1,5,4.0,14,15,15,mother,1,2,0,no,yes,no,yes,yes,no,3,2,2,1,1,5,8,15,15,16,0,0,Not At Risk,12.0,0,4.0,2.0,1,1.0,0,1,0
GP,M,15,U,LE3,T,1,2,other,Other,home,father,1,2,0,yes,yes,no,yes,yes,yes,yes,no,4,3,2,1,1,5,2.0,9,10,9,father,1,2,0,yes,yes,no,yes,yes,no,4,3,2,1,1,5,0,14,13,14,1,0,At Risk (Math Only),2.0,0,1.5,2.0,1,1.0,1,1,1
GP,F,16,U,GT3,T,4,2,services,other,course,mother,1,2,0,no,yes,no,no,yes,yes,yes,no,4,2,3,1,1,5,2.0,15,16,16,mother,1,2,0,no,yes,yes,no,yes,no,4,2,3,1,1,5,2,16,15,16,0,0,Not At Risk,4.0,0,3.0,2.0,1,1.0,1,1,0
GP,F,16,R,GT3,T,4,4,health,teacher,other,mother,1,2,0,no,yes,no,yes,yes,yes,no,no,2,4,4,2,3,4,6.0,10,11,11,mother,1,2,0,no,yes,no,yes,yes,no,2,4,4,2,3,4,0,17,16,16,0,0,Not At Risk,6.0,0,4.0,2.0,1,2.0,0,0,0
GP,F,16,U,GT3,T,1,1,services,services,course,father,4,1,0,yes,yes,no,yes,no,yes,yes,yes,5,5,5,5,5,5,6.0,10,8,11,father,4,1,0,yes,yes,no,yes,yes,yes,5,5,5,5,5,5,0,10,10,16,0,0,Not At Risk,6.0,0,1.0,1.0,1,5.0,1,1,1
GP,F,16,U,LE3,T,1,2,other,services,reputation,father,1,2,0,yes,no,no,yes,yes,yes,yes,no,4,4,3,1,1,1,4.0,8,10,9,father,1,2,0,yes,no,no,yes,yes,no,4,4,3,1,1,1,0,13,13,10,1,0,At Risk (Math Only),4.0,0,1.5,2.0,0,1.0,1,1,1
GP,F,16,U,GT3,T,4,3,teacher,Other,home,mother,1,3,0,yes,yes,yes,yes,yes,yes,yes,no,3,4,4,2,4,4,2.0,10,9,9,mother,1,3,0,yes,yes,no,yes,yes,no,3,4,4,2,4,4,0,14,13,13,1,0,At Risk (Math Only),2.0,0,3.5,3.0,1,2.0,1,1,1
GP,F,15,U,LE3,T,4,3,services,services,reputation,father,1,2,0,yes,no,no,yes,yes,yes,yes,yes,4,4,4,2,4,2,0.0,10,10,10,father,1,2,0,yes,no,no,yes,yes,yes,4,4,4,2,4,2,0,13,12,12,0,0,Not At Risk,0.0,0,3.5,2.0,0,2.0,1,1,1
GP,F,16,U,LE3,T,4,3,teacher,services,course,mother,3,2,0,no,yes,no,yes,yes,yes,yes,no,5,4,3,1,2,1,2.0,16,15,15,mother,3,2,0,no,yes,no,yes,yes,no,5,4,3,1,2,1,2,16,15,16,0,0,Not At Risk,4.0,0,3.5,2.0,1,1.0,1,1,0
GP,M,15,U,GT3,A,4,4,other,services,reputation,mother,1,4,0,no,yes,no,yes,no,yes,yes,yes,1,3,3,5,5,3,4.0,13,13,12,mother,1,4,0,no,yes,no,yes,yes,yes,1,3,3,5,5,3,0,11,12,12,0,0,Not At Risk,4.0,0,4.0,4.0,1,5.0,1,1,0
GP,F,16,U,GT3,T,3,1,services,other,course,mother,1,4,0,yes,yes,yes,no,yes,yes,yes,no,4,3,3,1,2,5,4.0,7,7,6,mother,1,4,0,yes,yes,no,no,yes,no,4,3,3,1,2,5,0,10,9,10,1,0,At Risk (Math Only),4.0,0,2.0,4.0,1,1.0,1,1,1
GP,F,15,R,LE3,T,2,2,health,services,reputation,mother,2,2,0,yes,yes,yes,no,yes,yes,yes,no,4,1,3,1,3,4,2.0,8,9,8,mother,2,2,0,yes,yes,no,no,yes,no,4,1,3,1,3,4,0,11,10,11,1,0,At Risk (Math Only),2.0,0,2.0,2.0,1,1.0,1,0,1
GP,F,15,R,LE3,T,3,1,other,other,reputation,father,2,4,0,no,yes,no,no,no,yes,yes,no,4,4,2,2,3,3,12.0,16,16,16,father,2,4,0,no,yes,no,no,yes,no,4,4,2,2,3,3,6,15,15,15,0,0,Not At Risk,18.0,0,2.0,4.0,1,2.0,1,0,0
GP,M,16,U,GT3,T,3,1,other,other,reputation,father,2,4,0,no,yes,yes,no,yes,yes,yes,no,4,3,2,1,1,5,0.0,13,15,15,father,2,4,0,no,yes,no,no,yes,no,4,3,2,1,1,5,2,13,11,11,0,0,Not At Risk,2.0,0,2.0,4.0,1,1.0,1,1,0
GP,M,15,U,GT3,T,4,2,other,other,course,mother,1,4,0,no,no,no,no,yes,yes,yes,no,3,3,3,1,1,3,0.0,10,10,10,mother,1,4,0,no,no,no,no,yes,no,3,3,3,1,1,3,0,11,9,10,0,0,Not At Risk,0.0,0,3.0,4.0,0,1.0,1,1,0
GP,F,15,R,GT3,T,1,1,other,other,reputation,mother,1,2,2,yes,yes,no,no,no,yes,yes,yes,3,3,4,2,4,5,2.0,8,6,5,mother,1,2,0,yes,yes,no,no,yes,yes,3,3,4,2,4,5,2,13,11,11,1,0,At Risk (Math Only),4.0,2,1.0,2.0,1,2.0,1,0,1
GP,M,16,U,GT3,T,3,1,other,other,reputation,mother,1,1,0,no,no,no,yes,yes,yes,no,no,5,3,2,2,2,5,2.0,12,12,14,mother,1,1,0,no,no,no,yes,yes,no,5,3,2,2,2,5,0,13,13,14,0,0,Not At Risk,2.0,0,2.0,1.0,0,2.0,0,1,0
GP,F,16,U,GT3,T,3,3,other,services,home,mother,1,2,0,yes,yes,yes,yes,yes,yes,yes,no,4,3,3,2,4,5,17.94999999999999,11,12,11,mother,1,2,0,yes,yes,no,yes,yes,no,4,3,3,2,4,5,4,11,11,11,0,0,Not At Risk,21.94999999999999,0,3.0,2.0,1,2.0,1,1,1
GP,M,15,U,GT3,T,4,3,teacher,other,home,mother,1,2,0,no,yes,yes,yes,yes,yes,yes,no,4,3,3,2,3,5,6.0,9,9,10,mother,1,2,0,no,yes,no,yes,yes,no,4,3,3,2,3,5,0,11,11,11,0,0,Not At Risk,6.0,0,3.5,2.0,1,2.0,1,1,0
GP,M,15,U,GT3,T,4,0,teacher,other,course,mother,2,4,0,no,no,no,yes,yes,yes,yes,no,3,4,3,1,1,1,8.0,11,11,10,mother,2,4,0,no,no,no,yes,yes,no,3,4,3,1,1,1,0,12,11,11,0,0,Not At Risk,8.0,0,2.0,4.0,0,1.0,1,1,0
GP,F,16,U,GT3,T,2,2,other,other,reputation,mother,1,4,0,no,no,yes,no,yes,yes,yes,yes,5,2,3,1,3,3,0.0,11,11,11,mother,1,4,0,no,no,no,no,yes,yes,5,2,3,1,3,3,1,13,13,13,0,0,Not At Risk,1.0,0,2.0,4.0,0,1.0,1,1,0
GP,M,17,U,GT3,T,2,1,other,other,home,mother,2,1,3,yes,yes,no,yes,yes,Other,yes,no,4,5,1,1,1,3,2.0,8,8,10,mother,2,1,3,yes,yes,no,yes,Other,no,4,5,1,1,1,3,0,9,9,10,0,0,Not At Risk,2.0,6,1.5,1.0,1,1.0,1,1,1
GP,M,17,U,GT3,T,2,1,other,other,home,mother,2,1,3,yes,yes,no,yes,yes,Other,yes,no,4,5,1,1,1,3,2.0,8,8,10,mother,1,1,0,no,yes,no,no,yes,no,5,4,5,1,2,5,14,9,7,6,0,1,At Risk (Port Only),16.0,3,1.5,1.0,1,1.0,1,1,1
GP,F,16,U,GT3,T,3,4,at_home,other,course,mother,1,2,0,no,yes,no,no,yes,yes,yes,no,2,4,3,1,2,3,12.0,5,5,5,mother,1,2,0,no,yes,no,no,yes,no,2,4,3,1,2,3,14,12,11,11,1,0,At Risk (Math Only),26.0,0,3.5,2.0,1,1.0,1,1,0
GP,M,15,U,GT3,T,2,3,other,services,course,father,1,1,0,yes,yes,yes,yes,no,yes,yes,yes,3,2,2,1,3,3,2.0,10,12,12,father,1,1,0,yes,yes,no,yes,yes,yes,3,2,2,1,3,3,0,11,11,12,0,0,Not At Risk,2.0,0,2.5,1.0,1,1.0,1,1,1
GP,M,15,U,GT3,T,2,3,other,other,home,mother,1,3,0,yes,no,yes,no,no,yes,yes,no,5,3,2,1,2,5,4.0,11,10,11,mother,1,3,0,yes,no,no,no,yes,no,5,3,2,1,2,5,2,10,9,9,0,1,At Risk (Port Only),6.0,0,2.5,3.0,0,1.0,1,1,1
GP,F,15,U,LE3,T,3,2,services,other,reputation,mother,1,2,0,no,yes,yes,no,yes,yes,yes,no,4,4,4,1,1,5,10.0,7,6,6,mother,1,2,0,no,yes,no,no,yes,no,4,4,4,1,1,5,4,12,11,11,1,0,At Risk (Math Only),14.0,0,2.5,2.0,1,1.0,1,1,0
GP,M,15,U,LE3,T,2,2,services,services,home,mother,2,2,0,no,no,yes,yes,yes,yes,yes,no,5,3,3,1,3,4,4.0,15,15,15,mother,2,2,0,no,no,yes,yes,yes,no,5,3,3,1,3,4,2,13,12,13,0,0,Not At Risk,6.0,0,2.0,2.0,0,1.0,1,1,0
GP,F,15,U,GT3,T,1,1,other,other,home,father,1,2,0,no,yes,no,yes,no,yes,yes,no,4,3,2,2,3,4,2.0,9,10,10,father,1,2,0,no,yes,no,yes,yes,no,4,3,2,2,3,4,2,13,12,12,0,0,Not At Risk,4.0,0,1.0,2.0,1,2.0,1,1,0
GP,F,15,U,GT3,T,4,4,services,services,reputation,father,2,2,2,no,no,yes,no,yes,yes,yes,yes,4,4,4,2,3,5,6.0,7,9,8,father,2,2,0,no,no,no,no,yes,yes,4,4,4,2,3,5,4,12,11,12,1,0,At Risk (Math Only),10.0,2,4.0,2.0,0,2.0,1,1,0
GP,F,16,U,LE3,T,2,2,at_home,other,course,mother,1,2,0,no,yes,no,no,yes,yes,no,no,4,3,4,1,2,2,4.0,8,7,6,mother,1,2,0,no,yes,no,no,yes,no,4,3,4,1,2,2,6,13,11,11,1,0,At Risk (Math Only),10.0,0,2.0,2.0,1,1.0,0,1,0
GP,F,15,U,GT3,T,4,2,other,other,reputation,mother,1,3,0,no,yes,no,yes,yes,yes,yes,no,5,3,3,1,3,1,4.0,13,14,14,mother,1,3,0,no,yes,no,yes,yes,no,5,3,3,1,3,1,4,15,15,15,0,0,Not At Risk,8.0,0,3.0,3.0,1,1.0,1,1,0
GP,M,16,U,GT3,T,2,2,services,other,reputation,father,2,2,1,no,no,yes,yes,no,yes,yes,no,4,4,2,1,1,3,12.0,11,10,10,father,2,2,0,no,no,no,yes,yes,no,4,4,2,1,1,3,6,12,10,11,0,0,Not At Risk,18.0,1,2.0,2.0,0,1.0,1,1,0
GP,M,16,U,LE3,A,4,4,teacher,Other,reputation,mother,1,2,0,no,yes,no,no,yes,yes,no,no,4,1,3,3,5,5,17.94999999999999,8,6,7,mother,1,2,0,no,yes,no,no,yes,no,4,1,3,3,5,5,6,9,9,10,1,0,At Risk (Math Only),23.94999999999999,0,4.0,2.0,1,3.0,0,1,0
GP,F,16,U,GT3,T,3,3,other,other,home,mother,1,3,0,no,yes,yes,no,yes,yes,yes,yes,4,3,3,1,3,4,0.0,7,7,8,mother,1,3,0,no,yes,no,no,yes,yes,4,3,3,1,3,4,2,9,11,11,1,0,At Risk (Math Only),2.0,0,3.0,3.0,1,1.0,1,1,0
GP,F,15,U,GT3,T,4,3,services,other,reputation,mother,1,1,0,no,no,yes,yes,yes,yes,yes,no,4,5,5,1,3,1,4.0,16,17,18,mother,1,1,0,no,no,no,yes,yes,no,4,5,5,1,3,1,6,14,13,13,0,0,Not At Risk,10.0,0,3.5,1.0,0,1.0,1,1,0
GP,F,16,U,LE3,T,3,1,other,other,home,father,1,2,0,yes,yes,no,no,yes,yes,no,no,3,3,3,2,3,2,4.0,7,6,6,father,1,2,0,yes,yes,no,no,yes,no,3,3,3,2,3,2,0,12,13,12,1,0,At Risk (Math Only),4.0,0,2.0,2.0,1,2.0,0,1,1
GP,F,16,U,GT3,T,4,2,teacher,services,home,mother,2,2,0,no,yes,yes,yes,yes,yes,yes,no,5,3,3,1,1,1,0.0,11,10,10,mother,2,2,0,no,yes,no,yes,yes,no,5,3,3,1,1,1,2,13,14,14,0,0,Not At Risk,2.0,0,3.0,2.0,1,1.0,1,1,0
GP,M,15,U,LE3,T,2,2,services,Other,reputation,mother,1,4,0,no,yes,no,yes,yes,yes,yes,no,4,3,4,1,1,4,6.0,11,13,14,mother,1,4,0,no,yes,no,yes,yes,no,4,3,4,1,1,4,2,11,12,12,0,0,Not At Risk,8.0,0,2.0,4.0,1,1.0,1,1,0
GP,F,15,R,GT3,T,1,1,at_home,other,home,mother,2,4,1,yes,yes,yes,yes,yes,yes,yes,no,3,1,2,1,1,1,2.0,7,10,10,mother,2,4,0,yes,yes,yes,yes,yes,no,3,1,2,1,1,1,4,13,13,13,0,0,Not At Risk,6.0,1,1.0,4.0,1,1.0,1,0,1
GP,M,16,R,GT3,T,4,3,services,other,reputation,mother,2,1,0,yes,yes,no,yes,no,yes,yes,no,3,3,3,1,1,4,2.0,11,15,15,mother,2,1,0,yes,yes,yes,yes,yes,no,3,3,3,1,1,4,6,9,11,11,0,0,Not At Risk,8.0,0,3.5,1.0,1,1.0,1,0,1
GP,F,16,U,GT3,T,2,1,other,other,course,mother,1,2,0,no,yes,yes,no,yes,yes,no,yes,4,3,5,1,1,5,2.0,8,9,10,mother,1,2,0,no,yes,no,no,yes,yes,4,3,5,1,1,5,0,13,12,12,0,0,Not At Risk,2.0,0,1.5,2.0,1,1.0,0,1,0
GP,F,16,U,GT3,T,4,4,other,other,reputation,mother,1,1,0,no,no,no,yes,no,yes,yes,no,5,3,4,1,2,1,6.0,11,14,14,mother,1,1,0,no,no,no,yes,yes,no,5,3,4,1,2,1,4,12,13,13,0,0,Not At Risk,10.0,0,4.0,1.0,0,1.0,1,1,0
GP,F,16,U,GT3,T,4,3,other,Other,course,mother,1,3,0,yes,yes,yes,no,yes,yes,yes,no,5,3,5,1,1,3,0.0,7,9,8,mother,1,3,0,yes,yes,no,no,yes,no,5,3,5,1,1,3,2,12,13,13,1,0,At Risk (Math Only),2.0,0,3.5,3.0,1,1.0,1,1,1
GP,M,16,U,GT3,T,4,4,services,services,other,mother,1,1,0,yes,yes,yes,yes,yes,yes,yes,no,4,5,5,5,5,4,14.0,7,7,5,mother,1,1,0,yes,yes,no,yes,yes,no,4,5,5,5,5,4,12,9,9,8,1,1,At Risk (Both),26.0,0,4.0,1.0,1,5.0,1,1,1
GP,M,16,U,GT3,T,4,4,services,teacher,other,father,1,3,0,no,yes,no,yes,yes,yes,yes,yes,4,4,3,1,1,4,0.0,16,17,17,father,1,3,0,no,yes,no,yes,yes,yes,4,4,3,1,1,4,0,16,16,16,0,0,Not At Risk,0.0,0,4.0,3.0,1,1.0,1,1,0
GP,M,15,U,GT3,T,4,4,services,other,course,mother,1,1,0,no,yes,no,yes,no,yes,yes,no,5,3,3,1,1,5,4.0,10,13,14,mother,1,1,0,no,yes,yes,yes,yes,no,5,3,3,1,1,5,2,12,13,12,0,0,Not At Risk,6.0,0,4.0,1.0,1,1.0,1,1,0
GP,F,15,U,GT3,T,3,2,services,other,home,mother,2,2,0,yes,yes,yes,no,yes,yes,yes,no,4,3,5,1,1,2,17.94999999999999,7,6,6,mother,2,2,0,yes,yes,no,no,yes,no,4,3,5,1,1,2,14,11,10,10,1,0,At Risk (Math Only),31.94999999999999,0,2.5,2.0,1,1.0,1,1,1
GP,M,15,U,GT3,A,3,4,services,other,course,mother,1,2,0,no,yes,yes,yes,yes,yes,yes,no,5,4,4,1,1,1,0.0,16,18,18,mother,1,2,0,no,yes,no,yes,yes,no,5,4,4,1,1,1,0,16,16,16,0,0,Not At Risk,0.0,0,3.5,2.0,1,1.0,1,1,0
GP,F,15,U,GT3,A,3,3,other,Other,reputation,father,1,4,0,yes,no,no,no,yes,yes,no,no,4,3,3,1,1,4,10.0,10,11,11,father,1,4,0,yes,no,no,no,yes,no,4,3,3,1,1,4,10,10,10,10,0,0,Not At Risk,20.0,0,3.0,4.0,0,1.0,0,1,1
GP,F,15,U,GT3,T,2,2,other,other,course,mother,1,4,0,yes,yes,yes,no,yes,yes,yes,no,5,1,2,1,1,3,8.0,7,8,8,mother,1,4,0,yes,yes,no,no,yes,no,5,1,2,1,1,3,4,10,10,10,1,0,At Risk (Math Only),12.0,0,2.0,4.0,1,1.0,1,1,1
GP,M,16,U,GT3,T,3,3,services,other,home,father,1,3,0,no,yes,no,yes,yes,yes,yes,no,5,3,3,1,1,5,2.0,16,18,18,father,1,3,0,no,yes,no,yes,yes,no,5,3,3,1,1,5,4,13,14,14,0,0,Not At Risk,6.0,0,3.0,3.0,1,1.0,1,1,0
GP,M,16,U,GT3,T,3,3,services,other,home,father,1,3,0,no,yes,no,yes,yes,yes,yes,no,5,3,3,1,1,5,2.0,16,18,18,mother,1,2,0,no,no,no,yes,yes,yes,4,2,3,1,2,3,0,11,12,13,0,0,Not At Risk,2.0,0,3.0,2.5,1,1.0,1,1,0
GP,M,15,R,GT3,T,4,4,other,other,home,father,4,4,0,no,yes,yes,yes,yes,yes,yes,yes,1,3,5,3,5,1,6.0,10,13,13,father,4,4,0,no,yes,no,yes,yes,yes,1,3,5,3,5,1,8,12,10,11,0,0,Not At Risk,14.0,0,4.0,4.0,1,3.0,1,0,0
GP,F,16,U,LE3,T,4,4,health,Other,other,mother,1,3,0,no,yes,yes,yes,yes,yes,yes,yes,5,4,5,1,1,4,4.0,14,15,16,mother,1,3,0,no,yes,no,yes,yes,yes,5,4,5,1,1,4,2,15,15,14,0,0,Not At Risk,6.0,0,4.0,3.0,1,1.0,1,1,0
GP,M,15,U,LE3,A,4,4,teacher,teacher,course,mother,1,1,0,no,no,no,yes,yes,yes,yes,no,5,5,3,1,1,4,6.0,18,19,19,mother,1,1,0,no,no,no,yes,yes,no,5,5,3,1,1,4,4,13,14,14,0,0,Not At Risk,10.0,0,4.0,1.0,0,1.0,1,1,0
GP,F,16,R,GT3,T,3,3,services,other,reputation,father,1,3,1,yes,yes,no,yes,yes,yes,yes,no,4,1,2,1,1,2,0.0,7,10,10,father,1,3,0,yes,yes,no,yes,yes,no,4,1,2,1,1,2,4,11,11,11,0,0,Not At Risk,4.0,1,3.0,3.0,1,1.0,1,0,1
GP,F,16,U,GT3,T,2,2,at_home,other,home,mother,1,2,1,yes,no,no,yes,yes,yes,yes,no,3,1,2,1,1,5,6.0,10,13,13,mother,1,2,1,yes,no,no,yes,yes,no,3,1,2,1,1,5,12,8,10,10,0,0,Not At Risk,18.0,2,2.0,2.0,0,1.0,1,1,1
GP,M,15,U,LE3,T,4,2,teacher,other,course,mother,1,1,0,no,no,no,no,yes,yes,yes,no,3,5,2,1,1,3,10.0,18,19,19,mother,1,1,0,no,no,no,no,yes,no,3,5,2,1,1,3,10,18,17,18,0,0,Not At Risk,20.0,0,3.0,1.0,0,1.0,1,1,0
GP,M,15,R,GT3,T,2,1,health,services,reputation,mother,1,2,0,no,no,no,yes,yes,yes,yes,yes,5,4,2,1,1,5,8.0,9,9,9,mother,1,2,0,no,no,no,yes,yes,yes,5,4,2,1,1,5,4,10,9,10,1,0,At Risk (Math Only),12.0,0,1.5,2.0,0,1.0,1,0,0
GP,M,16,U,GT3,T,4,4,teacher,teacher,course,father,1,2,0,no,yes,no,yes,yes,yes,yes,no,5,4,4,1,2,5,2.0,15,15,16,father,1,2,0,no,yes,no,yes,yes,no,5,4,4,1,2,5,6,16,14,14,0,0,Not At Risk,8.0,0,4.0,2.0,1,1.0,1,1,0
GP,M,16,U,GT3,T,4,4,teacher,teacher,course,father,1,2,0,no,yes,no,yes,yes,yes,yes,no,5,4,4,1,2,5,2.0,15,15,16,mother,1,1,0,no,yes,no,no,Other,yes,3,3,2,2,1,5,14,9,9,8,0,1,At Risk (Port Only),16.0,0,4.0,1.5,1,1.5,1,1,0
GP,M,15,U,GT3,T,4,4,other,teacher,reputation,father,2,2,0,no,yes,no,yes,yes,yes,no,no,4,4,3,1,1,2,2.0,11,13,14,father,2,2,0,no,yes,no,yes,yes,no,4,4,3,1,1,2,4,16,15,16,0,0,Not At Risk,6.0,0,4.0,2.0,1,1.0,0,1,0
GP,M,16,U,GT3,T,3,3,other,services,home,father,2,1,0,no,no,no,yes,yes,yes,yes,no,5,4,2,1,1,5,0.0,13,14,13,father,2,1,0,no,no,no,yes,yes,no,5,4,2,1,1,5,6,14,14,15,0,0,Not At Risk,6.0,0,3.0,1.0,0,1.0,1,1,0
GP,M,17,R,GT3,T,1,3,other,other,course,father,3,2,1,no,yes,no,yes,yes,yes,yes,no,5,2,4,1,4,5,17.94999999999999,9,7,8,father,3,2,1,no,yes,no,yes,yes,no,5,2,4,1,4,5,14,12,11,11,1,0,At Risk (Math Only),31.94999999999999,2,2.0,2.0,1,1.0,1,0,0
GP,M,15,U,GT3,T,3,4,other,other,reputation,father,1,1,0,no,no,no,no,yes,yes,yes,no,3,4,3,1,2,4,6.0,14,13,13,father,1,1,0,no,no,no,no,yes,no,3,4,3,1,2,4,2,14,13,14,0,0,Not At Risk,8.0,0,3.5,1.0,0,1.0,1,1,0
GP,F,15,U,GT3,T,1,2,at_home,services,course,mother,1,2,0,no,no,no,no,no,yes,yes,no,3,2,3,1,2,1,2.0,16,15,15,mother,1,2,0,no,no,no,no,yes,no,3,2,3,1,2,1,0,14,14,14,0,0,Not At Risk,2.0,0,1.5,2.0,0,1.0,1,1,0
GP,M,15,U,GT3,T,2,2,services,services,home,father,1,4,0,no,yes,yes,yes,yes,yes,yes,no,5,5,4,1,2,5,6.0,16,14,15,father,1,4,0,no,yes,no,yes,yes,no,5,5,4,1,2,5,6,14,13,13,0,0,Not At Risk,12.0,0,2.0,4.0,1,1.0,1,1,0
GP,F,16,U,LE3,T,2,4,other,Other,course,father,2,2,0,no,yes,yes,yes,yes,yes,yes,yes,4,2,2,1,2,5,2.0,13,13,13,father,2,2,0,no,yes,no,yes,yes,yes,4,2,2,1,2,5,2,14,12,13,0,0,Not At Risk,4.0,0,3.0,2.0,1,1.0,1,1,0
GP,M,16,U,GT3,T,4,4,health,other,course,mother,1,1,0,no,yes,no,yes,yes,yes,yes,no,3,4,4,1,4,5,17.94999999999999,14,11,13,mother,1,1,0,no,yes,no,yes,yes,no,3,4,4,1,4,5,4,12,13,13,0,0,Not At Risk,21.94999999999999,0,4.0,1.0,1,1.0,1,1,0
GP,F,16,U,GT3,T,2,2,other,other,home,mother,1,2,0,no,no,yes,no,yes,yes,yes,yes,5,4,4,1,1,5,0.0,8,7,8,mother,1,2,0,no,no,no,no,yes,yes,5,4,4,1,1,5,0,12,11,11,1,0,At Risk (Math Only),0.0,0,2.0,2.0,0,1.0,1,1,0
GP,M,15,U,GT3,T,3,4,services,services,home,father,1,1,0,yes,no,no,no,yes,yes,yes,no,5,5,5,3,2,5,0.0,13,13,12,father,1,1,0,yes,no,no,no,yes,no,5,5,5,3,2,5,2,9,9,9,0,1,At Risk (Port Only),2.0,0,3.5,1.0,0,3.0,1,1,1
GP,F,15,U,LE3,A,3,4,other,other,home,mother,1,2,0,yes,no,no,yes,yes,yes,yes,yes,5,3,2,1,1,1,0.0,7,10,11,mother,1,2,0,yes,no,no,yes,yes,yes,5,3,2,1,1,1,0,10,11,11,0,0,Not At Risk,0.0,0,3.5,2.0,0,1.0,1,1,1
GP,F,19,U,GT3,T,0,1,at_home,other,course,Other,1,2,3,no,yes,no,no,no,Other,no,no,3,4,2,1,1,5,2.0,7,8,9,Other,1,2,2,no,yes,no,no,Other,no,3,4,2,1,1,5,0,9,10,11,1,0,At Risk (Math Only),2.0,5,0.5,2.0,1,1.0,0,1,0
GP,M,16,R,GT3,T,4,4,teacher,teacher,course,mother,1,1,0,no,no,yes,yes,yes,yes,yes,no,3,5,5,2,5,4,8.0,18,18,18,mother,1,1,0,no,no,no,yes,yes,no,3,5,5,2,5,4,8,14,14,15,0,0,Not At Risk,16.0,0,4.0,1.0,0,2.0,1,0,0
GP,F,15,R,GT3,T,3,4,services,teacher,course,father,2,3,2,no,yes,no,no,yes,yes,yes,yes,4,2,2,2,2,5,0.0,12,0,0,father,2,3,0,no,yes,no,no,yes,yes,4,2,2,2,2,5,0,10,11,12,1,0,At Risk (Math Only),0.0,2,3.5,3.0,1,2.0,1,0,0
GP,F,15,U,GT3,T,1,1,at_home,other,course,mother,3,1,0,no,yes,no,yes,no,yes,yes,yes,4,3,3,1,2,4,0.0,8,0,0,mother,3,1,0,no,yes,no,yes,yes,yes,4,3,3,1,2,4,6,11,12,13,1,0,At Risk (Math Only),6.0,0,1.0,1.0,1,1.0,1,1,0
GP,F,17,U,LE3,T,2,2,other,other,course,father,1,1,0,no,yes,no,no,yes,yes,yes,yes,3,4,4,1,3,5,12.0,10,13,12,father,1,1,0,no,yes,no,no,yes,yes,3,4,4,1,3,5,2,13,12,12,0,0,Not At Risk,14.0,0,2.0,1.0,1,1.0,1,1,0
GP,F,16,U,GT3,A,3,4,services,other,course,father,1,1,0,no,no,no,no,yes,yes,yes,no,3,2,1,1,4,5,16.0,12,11,11,father,1,1,0,no,no,no,no,yes,no,3,2,1,1,4,5,12,15,13,14,0,0,Not At Risk,28.0,0,3.5,1.0,0,1.0,1,1,0
GP,M,15,R,GT3,T,3,4,at_home,teacher,course,mother,4,2,0,no,yes,no,no,yes,yes,no,yes,5,3,3,1,1,5,0.0,9,0,0,mother,4,2,0,no,yes,no,no,yes,yes,5,3,3,1,1,5,2,12,11,11,1,0,At Risk (Math Only),2.0,0,3.5,2.0,1,1.0,0,0,0
GP,F,15,U,GT3,T,4,4,services,Other,course,mother,1,3,0,no,yes,no,yes,yes,yes,yes,yes,4,3,3,1,1,5,0.0,11,0,0,mother,1,3,0,no,yes,no,yes,yes,yes,4,3,3,1,1,5,4,13,14,15,1,0,At Risk (Math Only),4.0,0,4.0,3.0,1,1.0,1,1,0
GP,M,17,R,GT3,T,3,4,at_home,other,course,mother,3,2,0,no,no,no,no,yes,yes,no,no,5,4,5,2,4,5,0.0,10,0,0,mother,3,2,0,no,no,no,no,yes,no,5,4,5,2,4,5,2,10,9,10,1,0,At Risk (Math Only),2.0,0,3.5,2.0,0,2.0,0,0,0
GP,F,16,U,GT3,A,3,3,other,other,course,Other,2,1,2,no,yes,no,yes,no,yes,yes,yes,4,3,2,1,1,5,0.0,4,0,0,Other,2,1,0,no,yes,no,yes,yes,yes,4,3,2,1,1,5,4,9,9,10,1,0,At Risk (Math Only),4.0,2,3.0,1.0,1,1.0,1,1,0
GP,M,16,U,LE3,T,1,1,services,other,course,mother,1,2,1,no,no,no,no,yes,yes,no,yes,4,4,4,1,3,5,0.0,14,12,12,mother,1,2,2,no,no,no,no,yes,yes,4,4,4,1,3,5,0,10,10,10,0,0,Not At Risk,0.0,3,1.0,2.0,0,1.0,0,1,0
GP,F,15,U,GT3,T,4,4,teacher,teacher,course,mother,2,1,0,no,no,no,yes,yes,yes,yes,no,4,3,2,1,1,5,0.0,16,16,15,mother,2,1,0,no,no,no,yes,yes,no,4,3,2,1,1,5,6,13,14,14,0,0,Not At Risk,6.0,0,4.0,1.0,0,1.0,1,1,0
GP,M,15,U,GT3,T,4,3,teacher,services,course,father,2,4,0,yes,yes,no,no,yes,yes,yes,no,2,2,2,1,1,3,0.0,7,9,0,father,2,4,0,yes,yes,no,no,yes,no,2,2,2,1,1,3,6,9,11,11,1,0,At Risk (Math Only),6.0,0,3.5,4.0,1,1.0,1,1,1
GP,M,16,U,LE3,T,2,2,services,services,reputation,father,2,1,2,no,yes,no,yes,yes,yes,yes,no,2,3,3,2,2,2,8.0,9,9,9,father,2,1,0,no,yes,no,yes,yes,no,2,3,3,2,2,2,4,12,11,11,1,0,At Risk (Math Only),12.0,2,2.0,1.0,1,2.0,1,1,0
GP,F,15,U,GT3,T,4,4,teacher,services,course,mother,1,3,0,no,yes,yes,yes,yes,yes,yes,no,4,2,2,1,1,5,2.0,9,11,11,mother,1,3,0,no,yes,no,yes,yes,no,4,2,2,1,1,5,2,13,13,13,0,0,Not At Risk,4.0,0,4.0,3.0,1,1.0,1,1,0
GP,F,16,U,LE3,T,1,1,at_home,Other,course,mother,1,1,0,no,no,no,no,yes,yes,yes,no,3,4,4,3,3,1,2.0,14,14,13,mother,1,1,0,no,no,no,no,yes,no,3,4,4,3,3,1,4,10,11,11,0,0,Not At Risk,6.0,0,1.0,1.0,0,3.0,1,1,0
GP,M,17,U,GT3,T,2,1,other,other,home,mother,1,1,3,no,yes,no,no,yes,yes,yes,no,5,4,5,1,2,5,0.0,5,0,0,mother,2,1,3,yes,yes,no,yes,Other,no,4,5,1,1,1,3,0,9,9,10,1,0,At Risk (Math Only),0.0,6,1.5,1.0,1,1.0,1,1,1
GP,M,17,U,GT3,T,2,1,other,other,home,mother,1,1,3,no,yes,no,no,yes,yes,yes,no,5,4,5,1,2,5,0.0,5,0,0,mother,1,1,0,no,yes,no,no,yes,no,5,4,5,1,2,5,14,9,7,6,1,1,At Risk (Both),14.0,3,1.5,1.0,1,1.0,1,1,0
GP,F,15,U,GT3,T,1,1,other,services,course,father,1,2,0,no,yes,yes,no,yes,yes,yes,no,4,4,2,1,2,5,0.0,8,11,11,father,1,2,0,no,yes,no,no,yes,no,4,4,2,1,2,5,0,12,12,12,0,0,Not At Risk,0.0,0,1.0,2.0,1,1.0,1,1,0
GP,F,15,U,GT3,T,3,2,health,services,home,father,1,2,3,no,yes,no,no,yes,yes,yes,no,3,3,2,1,1,3,0.0,6,7,0,father,1,2,1,no,yes,no,no,yes,no,3,3,2,1,1,3,2,11,11,11,1,0,At Risk (Math Only),2.0,4,2.5,2.0,1,1.0,1,1,0
GP,F,15,U,GT3,T,1,2,at_home,other,course,mother,1,2,0,no,yes,yes,no,no,yes,yes,no,4,3,2,1,1,5,2.0,10,11,11,mother,1,2,0,no,yes,no,no,yes,no,4,3,2,1,1,5,6,13,12,13,0,0,Not At Risk,8.0,0,1.5,2.0,1,1.0,1,1,0
GP,M,16,U,GT3,T,4,4,teacher,teacher,course,mother,1,1,0,no,yes,no,no,yes,Other,yes,yes,3,3,2,2,1,5,0.0,7,6,0,father,1,2,0,no,yes,no,yes,yes,no,5,4,4,1,2,5,6,16,14,14,1,0,At Risk (Math Only),6.0,0,4.0,1.5,1,1.5,1,1,0
GP,M,16,U,GT3,T,4,4,teacher,teacher,course,mother,1,1,0,no,yes,no,no,yes,Other,yes,yes,3,3,2,2,1,5,0.0,7,6,0,mother,1,1,0,no,yes,no,no,Other,yes,3,3,2,2,1,5,14,9,9,8,1,1,At Risk (Both),14.0,0,4.0,1.0,1,2.0,1,1,0
GP,M,15,U,LE3,A,2,1,services,other,course,mother,4,1,3,no,no,no,no,yes,yes,yes,no,4,5,5,2,5,5,0.0,8,9,10,mother,4,1,0,no,no,no,no,yes,no,4,5,5,2,5,5,0,12,11,11,0,0,Not At Risk,0.0,3,1.5,1.0,0,2.0,1,1,0
GP,M,18,U,LE3,T,1,1,other,other,course,mother,1,1,3,no,no,no,no,yes,Other,yes,yes,2,3,5,2,5,4,0.0,6,5,0,mother,1,1,2,no,no,no,no,Other,yes,2,3,5,2,5,4,0,11,9,0,1,1,At Risk (Both),0.0,5,1.0,1.0,0,2.0,1,1,0
GP,M,16,U,LE3,T,2,1,at_home,other,course,mother,1,1,1,no,no,no,yes,yes,yes,no,yes,4,4,4,3,5,5,6.0,12,13,14,mother,1,1,1,no,no,no,yes,yes,yes,4,4,4,3,5,5,6,9,10,10,0,0,Not At Risk,12.0,2,1.5,1.0,0,3.0,0,1,0
GP,F,15,R,GT3,T,3,3,services,services,reputation,Other,2,3,2,no,yes,yes,yes,yes,yes,yes,yes,4,2,1,2,3,3,8.0,10,10,10,Other,2,3,0,no,yes,yes,yes,yes,yes,4,2,1,2,3,3,2,13,13,13,0,0,Not At Risk,10.0,2,3.0,3.0,1,2.0,1,0,0
GP,M,19,U,GT3,T,3,2,services,Other,home,mother,1,1,3,no,yes,no,no,yes,Other,yes,yes,4,5,4,1,1,4,0.0,5,0,0,mother,1,1,0,no,yes,no,no,Other,yes,4,5,4,1,1,4,6,11,9,11,1,0,At Risk (Math Only),6.0,3,2.5,1.0,1,1.0,1,1,0
GP,F,17,U,GT3,T,4,4,other,teacher,course,mother,1,1,0,yes,yes,no,no,yes,yes,no,yes,4,2,1,1,1,4,0.0,11,11,12,mother,1,1,0,yes,yes,no,no,yes,yes,4,2,1,1,1,4,0,13,13,13,0,0,Not At Risk,0.0,0,4.0,1.0,1,1.0,0,1,1
GP,M,15,R,GT3,T,2,3,at_home,services,course,mother,1,2,0,yes,no,yes,yes,yes,yes,no,no,4,4,4,1,1,1,2.0,11,8,8,mother,1,2,0,yes,no,yes,yes,yes,no,4,4,4,1,1,1,0,7,8,8,1,1,At Risk (Both),2.0,0,2.5,2.0,0,1.0,0,0,1
GP,M,17,R,LE3,T,1,2,other,other,reputation,mother,1,1,0,no,no,no,no,yes,yes,no,no,2,2,2,3,3,5,8.0,16,12,13,mother,1,1,3,no,no,no,no,yes,no,2,2,2,3,3,5,14,9,8,10,0,0,Not At Risk,22.0,3,1.5,1.0,0,3.0,0,0,0
GP,F,18,R,GT3,T,1,1,at_home,other,course,mother,3,1,3,no,yes,no,yes,no,yes,no,no,5,2,5,1,5,4,6.0,9,8,10,mother,3,1,3,no,yes,no,yes,yes,no,5,2,5,1,5,4,6,11,10,11,0,0,Not At Risk,12.0,6,1.0,1.0,1,1.0,0,0,0
GP,M,16,R,GT3,T,2,2,at_home,other,course,mother,3,1,0,no,no,no,no,no,yes,no,no,4,2,2,1,2,3,2.0,17,15,15,mother,3,1,0,no,no,no,no,yes,no,4,2,2,1,2,3,4,12,10,11,0,0,Not At Risk,6.0,0,2.0,1.0,0,1.0,0,0,0
GP,M,16,U,GT3,T,3,3,other,services,course,father,1,2,1,no,yes,yes,no,yes,yes,yes,yes,4,5,5,4,4,5,4.0,10,12,12,father,1,2,1,no,yes,no,no,yes,yes,4,5,5,4,4,5,0,10,10,1,0,1,At Risk (Port Only),4.0,2,3.0,2.0,1,4.0,1,1,0
GP,M,17,R,LE3,T,2,1,at_home,other,course,mother,2,1,2,no,no,no,yes,yes,Other,yes,yes,3,3,2,2,2,5,0.0,7,6,0,mother,2,1,1,no,no,yes,yes,Other,yes,3,3,2,2,2,5,8,8,8,9,1,1,At Risk (Both),8.0,3,1.5,1.0,0,2.0,1,0,0
GP,M,17,R,LE3,T,1,1,other,services,course,mother,4,2,3,no,no,no,yes,yes,Other,no,yes,5,3,5,1,5,5,0.0,5,8,7,mother,4,2,0,no,no,no,yes,Other,yes,5,3,5,1,5,5,0,8,8,8,1,1,At Risk (Both),0.0,3,1.0,2.0,0,1.0,0,0,0
GP,M,16,U,GT3,T,2,2,other,other,course,father,1,2,0,no,no,no,no,yes,Other,yes,no,4,3,5,2,4,4,4.0,10,10,10,father,1,2,0,no,no,no,no,Other,no,4,3,5,2,4,4,0,9,10,11,0,0,Not At Risk,4.0,0,2.0,2.0,0,2.0,1,1,0
GP,F,16,U,GT3,T,4,2,health,services,home,father,1,2,0,no,no,yes,no,yes,yes,yes,yes,4,2,3,1,1,3,0.0,14,15,16,father,1,2,0,no,no,no,no,yes,yes,4,2,3,1,1,3,0,17,17,18,0,0,Not At Risk,0.0,0,3.0,2.0,0,1.0,1,1,0
GP,F,16,U,GT3,T,2,2,other,other,home,mother,1,2,0,no,yes,yes,no,no,yes,yes,no,5,1,5,1,1,4,0.0,6,7,0,mother,1,2,0,no,yes,no,no,yes,no,5,1,5,1,1,4,0,12,12,13,1,0,At Risk (Math Only),0.0,0,2.0,2.0,1,1.0,1,1,0
GP,F,16,U,GT3,T,4,4,health,Other,reputation,mother,1,2,0,no,yes,yes,no,yes,yes,yes,yes,4,4,2,1,1,3,0.0,14,14,14,mother,1,2,0,no,yes,no,no,yes,yes,4,4,2,1,1,3,0,16,16,17,0,0,Not At Risk,0.0,0,4.0,2.0,1,1.0,1,1,0
GP,M,16,U,GT3,T,3,4,other,other,course,father,3,1,2,no,yes,no,yes,no,yes,yes,no,3,4,5,2,4,2,0.0,6,5,0,father,3,1,1,no,yes,no,yes,yes,no,3,4,5,2,4,2,4,9,9,10,1,0,At Risk (Math Only),4.0,3,3.5,1.0,1,2.0,1,1,0
GP,M,16,U,GT3,T,1,0,other,other,reputation,mother,2,2,0,no,yes,yes,yes,yes,yes,yes,yes,4,3,2,1,1,3,2.0,13,15,16,mother,2,2,0,no,yes,no,yes,yes,yes,4,3,2,1,1,3,0,16,17,18,0,0,Not At Risk,2.0,0,0.5,2.0,1,1.0,1,1,0
GP,M,17,U,LE3,T,4,4,teacher,other,reputation,mother,1,2,0,no,yes,yes,yes,yes,yes,yes,no,4,4,4,1,3,5,0.0,13,11,10,mother,1,2,0,no,yes,no,yes,yes,no,4,4,4,1,3,5,0,11,9,10,0,0,Not At Risk,0.0,0,4.0,2.0,1,1.0,1,1,0
GP,F,16,U,GT3,T,1,3,at_home,services,home,mother,1,2,3,no,no,no,yes,no,yes,yes,yes,4,3,5,1,1,3,0.0,8,7,0,mother,1,2,0,no,no,no,yes,yes,yes,4,3,5,1,1,3,0,14,13,13,1,0,At Risk (Math Only),0.0,3,2.0,2.0,0,1.0,1,1,0
GP,F,16,U,LE3,T,3,3,other,other,reputation,mother,2,2,0,no,yes,yes,yes,yes,yes,yes,no,4,4,5,1,1,4,4.0,10,11,9,mother,2,2,0,no,yes,no,yes,yes,no,4,4,5,1,1,4,0,14,14,15,1,0,At Risk (Math Only),4.0,0,3.0,2.0,1,1.0,1,1,0
GP,M,17,U,LE3,T,4,3,teacher,other,course,mother,2,2,0,no,no,yes,yes,yes,yes,yes,no,4,4,4,4,4,4,4.0,10,9,9,mother,2,2,0,no,no,no,yes,yes,no,4,4,4,4,4,4,0,10,11,11,1,0,At Risk (Math Only),4.0,0,3.5,2.0,0,4.0,1,1,0
GP,F,16,U,GT3,T,2,2,services,other,reputation,mother,2,2,0,no,no,yes,yes,no,yes,yes,no,3,4,4,1,4,5,2.0,13,13,11,mother,2,2,0,no,no,no,yes,yes,no,3,4,4,1,4,5,0,13,12,14,0,0,Not At Risk,2.0,0,2.0,2.0,0,1.0,1,1,0
GP,M,17,U,GT3,T,3,3,other,other,reputation,father,1,2,0,no,no,no,yes,no,yes,yes,no,4,3,4,1,4,4,4.0,6,5,6,father,1,2,0,no,no,no,yes,yes,no,4,3,4,1,4,4,4,11,9,10,1,0,At Risk (Math Only),8.0,0,3.0,2.0,0,1.0,1,1,0
GP,M,16,R,GT3,T,4,2,teacher,services,other,mother,1,1,0,no,yes,no,yes,yes,yes,yes,yes,4,3,3,3,4,3,10.0,10,8,9,mother,1,1,0,no,yes,no,yes,yes,yes,4,3,3,3,4,3,8,10,9,11,1,0,At Risk (Math Only),18.0,0,3.0,1.0,1,3.0,1,0,0
GP,M,17,U,GT3,T,4,3,other,other,course,mother,1,2,0,no,yes,no,yes,yes,yes,yes,yes,5,2,3,1,1,2,4.0,10,10,11,mother,1,2,0,no,yes,yes,yes,yes,yes,5,2,3,1,1,2,4,11,11,13,0,0,Not At Risk,8.0,0,3.5,2.0,1,1.0,1,1,0
GP,M,16,U,GT3,T,4,3,teacher,other,home,mother,1,2,0,no,yes,yes,yes,yes,yes,yes,no,3,4,3,2,3,3,10.0,9,8,8,mother,1,2,0,no,yes,yes,yes,yes,no,3,4,3,2,3,3,4,11,10,11,1,0,At Risk (Math Only),14.0,0,3.5,2.0,1,2.0,1,1,0
GP,M,16,U,GT3,T,3,3,services,other,home,mother,1,2,0,no,no,yes,yes,yes,yes,yes,yes,4,2,3,1,2,3,2.0,12,13,12,father,1,3,0,no,yes,no,yes,yes,no,5,3,3,1,1,5,4,13,14,14,0,0,Not At Risk,6.0,0,3.0,2.5,1,1.0,1,1,0
GP,M,16,U,GT3,T,3,3,services,other,home,mother,1,2,0,no,no,yes,yes,yes,yes,yes,yes,4,2,3,1,2,3,2.0,12,13,12,mother,1,2,0,no,no,no,yes,yes,yes,4,2,3,1,2,3,0,11,12,13,0,0,Not At Risk,2.0,0,3.0,2.0,0,1.0,1,1,0
GP,F,17,U,GT3,T,2,4,services,services,reputation,father,1,2,0,no,yes,no,yes,yes,yes,no,no,5,4,2,2,3,5,0.0,16,17,17,father,1,2,0,no,yes,no,yes,yes,no,5,4,2,2,3,5,0,17,18,17,0,0,Not At Risk,0.0,0,3.0,2.0,1,2.0,0,1,0
GP,F,17,U,LE3,T,3,3,other,other,reputation,mother,1,2,0,no,yes,no,yes,yes,yes,yes,yes,5,3,3,2,3,1,17.94999999999999,9,9,8,mother,1,2,0,no,yes,no,yes,yes,yes,5,3,3,2,3,1,14,14,13,14,1,0,At Risk (Math Only),31.94999999999999,0,3.0,2.0,1,2.0,1,1,0
GP,F,16,U,GT3,T,3,2,other,other,reputation,mother,1,2,0,no,yes,yes,no,yes,yes,yes,no,1,2,2,1,2,1,14.0,12,13,12,mother,1,2,0,no,yes,no,no,yes,no,1,2,2,1,2,1,8,14,15,16,0,0,Not At Risk,22.0,0,2.5,2.0,1,1.0,1,1,0
GP,M,17,U,GT3,T,3,3,services,services,other,mother,1,2,0,no,yes,no,yes,yes,yes,yes,yes,4,3,4,2,3,4,12.0,12,12,11,mother,1,2,0,no,yes,no,yes,yes,yes,4,3,4,2,3,4,6,11,13,14,0,0,Not At Risk,18.0,0,3.0,2.0,1,2.0,1,1,0
GP,M,16,U,GT3,T,1,2,services,services,other,mother,1,1,0,no,yes,yes,yes,yes,yes,yes,yes,3,3,3,1,2,3,2.0,11,12,11,mother,1,1,0,no,yes,no,yes,yes,yes,3,3,3,1,2,3,0,10,9,11,0,0,Not At Risk,2.0,0,1.5,1.0,1,1.0,1,1,0
GP,M,16,U,LE3,T,2,1,other,other,course,mother,1,2,0,no,no,yes,yes,yes,yes,yes,yes,4,2,3,1,2,5,0.0,15,15,15,mother,1,2,0,no,no,no,yes,yes,yes,4,2,3,1,2,5,0,13,14,16,0,0,Not At Risk,0.0,0,1.5,2.0,0,1.0,1,1,0
GP,F,17,U,GT3,A,3,3,health,other,reputation,mother,1,2,0,no,yes,no,no,no,yes,yes,yes,3,3,3,1,3,3,6.0,8,7,9,mother,1,2,0,no,yes,no,no,yes,yes,3,3,3,1,3,3,10,12,13,14,1,0,At Risk (Math Only),16.0,0,3.0,2.0,1,1.0,1,1,0
GP,M,17,R,GT3,T,1,2,at_home,other,home,mother,1,2,0,no,no,no,no,yes,yes,no,no,3,1,3,1,5,3,4.0,8,9,10,mother,1,2,0,no,no,no,no,yes,no,3,1,3,1,5,3,6,9,9,10,0,0,Not At Risk,10.0,0,1.5,2.0,0,1.0,0,0,0
GP,F,16,U,GT3,T,2,3,services,services,course,mother,1,2,0,no,no,no,no,yes,yes,yes,no,4,3,3,1,1,2,10.0,11,12,13,mother,1,2,0,no,no,no,no,yes,no,4,3,3,1,1,2,6,12,12,13,0,0,Not At Risk,16.0,0,2.5,2.0,0,1.0,1,1,0
GP,F,17,U,GT3,T,1,1,at_home,services,course,mother,1,2,0,no,no,no,yes,yes,yes,yes,no,5,3,3,1,1,3,0.0,8,8,9,mother,1,2,0,no,no,no,yes,yes,no,5,3,3,1,1,3,0,12,11,12,1,0,At Risk (Math Only),0.0,0,1.0,2.0,0,1.0,1,1,0
GP,M,17,U,GT3,T,1,2,at_home,services,other,Other,2,2,0,no,no,yes,yes,no,yes,yes,no,4,4,4,4,5,5,12.0,7,8,8,Other,2,2,0,no,no,no,yes,yes,no,4,4,4,4,5,5,14,10,11,12,1,0,At Risk (Math Only),26.0,0,1.5,2.0,0,4.0,1,1,0
GP,M,16,R,GT3,T,3,3,services,services,reputation,mother,1,1,0,no,yes,no,yes,yes,yes,yes,no,4,3,2,3,4,5,8.0,8,9,10,mother,1,1,0,no,yes,no,yes,yes,no,4,3,2,3,4,5,0,11,10,10,0,0,Not At Risk,8.0,0,3.0,1.0,1,3.0,1,0,0
GP,M,16,U,GT3,T,2,3,other,other,home,father,2,1,0,no,no,no,no,yes,yes,yes,no,5,3,3,1,1,3,0.0,13,14,14,father,2,1,0,no,no,no,no,yes,no,5,3,3,1,1,3,0,13,12,12,0,0,Not At Risk,0.0,0,2.5,1.0,0,1.0,1,1,0
GP,F,17,U,LE3,T,2,4,services,services,course,father,1,2,0,no,no,no,yes,yes,yes,yes,yes,4,3,2,1,1,5,0.0,14,15,15,father,1,2,0,no,no,no,yes,yes,yes,4,3,2,1,1,5,8,14,15,16,0,0,Not At Risk,8.0,0,3.0,2.0,0,1.0,1,1,0
GP,M,17,U,GT3,T,4,4,services,teacher,home,mother,1,1,0,no,no,no,no,yes,yes,yes,no,5,2,3,1,2,5,4.0,17,15,16,mother,1,1,0,no,no,no,no,yes,no,5,2,3,1,2,5,4,13,13,14,0,0,Not At Risk,8.0,0,4.0,1.0,0,1.0,1,1,0
GP,M,16,R,LE3,T,3,3,teacher,other,home,father,3,1,0,no,yes,yes,yes,yes,yes,yes,no,3,3,4,3,5,3,8.0,9,9,10,father,3,1,0,no,yes,no,yes,yes,no,3,3,4,3,5,3,14,10,11,12,0,0,Not At Risk,22.0,0,3.0,1.0,1,3.0,1,0,0
GP,F,17,U,GT3,T,4,4,services,teacher,home,mother,2,1,1,no,yes,no,no,yes,yes,yes,no,4,2,4,2,3,2,17.94999999999999,18,18,18,mother,2,1,1,no,yes,no,no,yes,no,4,2,4,2,3,2,14,14,15,16,0,0,Not At Risk,31.94999999999999,2,4.0,1.0,1,2.0,1,1,0
GP,F,16,U,LE3,T,4,4,teacher,teacher,reputation,mother,1,2,0,no,yes,yes,no,yes,yes,yes,no,4,5,2,1,2,3,0.0,9,9,10,mother,1,2,0,no,yes,no,no,yes,no,4,5,2,1,2,3,0,11,10,11,0,0,Not At Risk,0.0,0,4.0,2.0,1,1.0,1,1,0
GP,F,16,U,GT3,T,4,3,health,other,home,mother,1,2,0,no,yes,no,yes,yes,yes,yes,no,4,3,5,1,5,2,2.0,16,16,16,mother,1,2,0,no,yes,no,yes,yes,no,4,3,5,1,5,2,2,14,14,15,0,0,Not At Risk,4.0,0,3.5,2.0,1,1.0,1,1,0
GP,F,16,U,GT3,T,2,3,other,other,reputation,mother,1,2,0,yes,yes,yes,yes,yes,yes,no,no,4,4,3,1,3,4,6.0,8,10,10,mother,1,2,0,yes,yes,no,yes,yes,no,4,4,3,1,3,4,4,11,12,12,0,0,Not At Risk,10.0,0,2.5,2.0,1,1.0,0,1,1
GP,F,17,U,GT3,T,1,1,other,other,course,mother,1,2,0,no,yes,yes,no,no,yes,no,no,4,4,4,1,3,1,4.0,9,9,10,mother,1,2,0,no,yes,no,no,yes,no,4,4,4,1,3,1,0,14,15,15,0,0,Not At Risk,4.0,0,1.0,2.0,1,1.0,0,1,0
GP,F,17,R,GT3,T,2,2,other,other,reputation,mother,1,1,0,no,yes,no,no,yes,yes,yes,no,5,3,2,1,2,3,17.94999999999999,7,6,6,mother,1,1,0,no,yes,no,no,yes,no,5,3,2,1,2,3,14,13,13,13,1,0,At Risk (Math Only),31.94999999999999,0,2.0,1.0,1,1.0,1,0,0
GP,F,16,R,GT3,T,2,2,services,services,reputation,mother,2,4,0,no,yes,yes,yes,no,yes,yes,no,5,3,5,1,1,5,6.0,10,10,11,mother,2,4,0,no,yes,no,yes,yes,no,5,3,5,1,1,5,6,13,13,13,0,0,Not At Risk,12.0,0,2.0,4.0,1,1.0,1,0,0
GP,F,17,U,GT3,T,3,4,at_home,services,home,mother,1,3,1,no,yes,yes,no,yes,yes,yes,yes,4,4,3,3,4,5,17.94999999999999,10,9,9,mother,1,3,1,no,yes,yes,no,yes,yes,4,4,3,3,4,5,14,8,9,8,1,1,At Risk (Both),31.94999999999999,2,3.5,3.0,1,3.0,1,1,0
GP,F,16,U,GT3,A,3,1,services,other,course,mother,1,2,3,no,yes,yes,no,yes,yes,yes,no,2,3,3,2,2,4,5.0,7,7,7,mother,1,2,0,no,yes,no,no,yes,no,2,3,3,2,2,4,2,11,11,12,1,0,At Risk (Math Only),7.0,3,2.0,2.0,1,2.0,1,1,0
GP,F,16,U,GT3,T,4,3,teacher,other,other,mother,1,2,0,no,no,yes,yes,yes,yes,yes,yes,1,3,2,1,1,1,10.0,11,12,13,mother,1,2,0,no,no,no,yes,yes,yes,1,3,2,1,1,1,4,14,15,15,0,0,Not At Risk,14.0,0,3.5,2.0,0,1.0,1,1,0
GP,F,16,U,GT3,T,1,1,at_home,other,home,mother,2,1,0,no,yes,yes,no,yes,yes,no,no,4,3,2,1,4,5,6.0,9,9,10,mother,2,1,0,no,yes,no,no,yes,no,4,3,2,1,4,5,2,12,13,13,0,0,Not At Risk,8.0,0,1.0,1.0,1,1.0,0,1,0
GP,F,17,R,GT3,T,4,3,teacher,other,reputation,mother,2,3,0,no,yes,yes,yes,yes,yes,yes,yes,4,4,2,1,1,4,6.0,7,7,7,mother,2,3,0,no,yes,no,yes,yes,yes,4,4,2,1,1,4,0,11,12,12,1,0,At Risk (Math Only),6.0,0,3.5,3.0,1,1.0,1,0,0
GP,F,19,U,GT3,T,3,3,other,other,reputation,Other,1,4,0,no,yes,yes,yes,yes,yes,yes,no,4,3,3,1,2,3,10.0,8,8,8,Other,1,4,0,no,yes,no,yes,yes,no,4,3,3,1,2,3,4,12,12,12,1,0,At Risk (Math Only),14.0,0,3.0,4.0,1,1.0,1,1,0
GP,M,17,U,LE3,T,4,4,services,other,home,mother,1,2,0,no,yes,yes,no,yes,yes,yes,yes,5,3,5,4,5,3,13.0,12,12,13,mother,1,2,0,no,yes,no,no,yes,yes,5,3,5,4,5,3,14,13,12,12,0,0,Not At Risk,27.0,0,4.0,2.0,1,4.0,1,1,0
GP,F,16,U,GT3,A,2,2,other,other,reputation,mother,1,2,0,yes,yes,yes,no,yes,yes,yes,no,3,3,4,1,1,4,0.0,12,13,14,mother,1,2,0,yes,yes,no,no,yes,no,3,3,4,1,1,4,0,13,13,13,0,0,Not At Risk,0.0,0,2.0,2.0,1,1.0,1,1,1
GP,M,18,U,GT3,T,2,2,services,other,home,mother,1,2,1,no,yes,yes,yes,yes,yes,yes,no,4,4,4,2,4,5,15.0,6,7,8,mother,1,2,0,no,yes,no,yes,yes,no,4,4,4,2,4,5,10,12,11,11,1,0,At Risk (Math Only),25.0,1,2.0,2.0,1,2.0,1,1,0
GP,F,17,R,LE3,T,4,4,services,other,other,mother,1,1,0,no,yes,yes,no,yes,yes,no,no,5,2,1,1,2,3,12.0,8,10,10,mother,1,1,0,no,yes,no,no,yes,no,5,2,1,1,2,3,6,12,11,11,0,0,Not At Risk,18.0,0,4.0,1.0,1,1.0,0,0,0
GP,F,17,U,LE3,T,3,2,other,other,reputation,mother,2,2,0,no,no,yes,no,yes,yes,yes,no,4,4,4,1,3,1,2.0,14,15,15,mother,2,2,0,no,no,no,no,yes,no,4,4,4,1,3,1,2,14,16,15,0,0,Not At Risk,4.0,0,2.5,2.0,0,1.0,1,1,0
GP,F,17,U,GT3,T,4,3,other,other,reputation,mother,1,2,2,no,no,yes,no,yes,yes,yes,yes,3,4,5,2,4,1,17.94999999999999,6,6,4,mother,1,2,0,no,no,no,no,yes,yes,3,4,5,2,4,1,14,11,9,10,1,0,At Risk (Math Only),31.94999999999999,2,3.5,2.0,0,2.0,1,1,0
GP,M,18,U,LE3,T,3,3,services,Other,home,father,1,2,1,no,yes,yes,no,yes,yes,yes,no,3,2,4,2,4,4,13.0,6,6,8,father,1,2,0,no,yes,no,no,yes,no,3,2,4,2,4,4,10,10,10,10,1,0,At Risk (Math Only),23.0,1,3.0,2.0,1,2.0,1,1,0
GP,F,17,U,GT3,T,2,3,at_home,other,home,father,2,1,0,no,yes,yes,no,yes,yes,no,no,3,3,3,1,4,3,3.0,7,7,8,father,2,1,0,no,yes,no,no,yes,no,3,3,3,1,4,3,4,12,13,13,1,0,At Risk (Math Only),7.0,0,2.5,1.0,1,1.0,0,1,0
GP,F,17,U,GT3,T,2,2,at_home,Other,course,mother,1,3,0,no,yes,yes,yes,yes,yes,yes,no,4,3,3,1,1,4,4.0,9,10,10,mother,1,3,0,no,yes,no,yes,yes,no,4,3,3,1,1,4,0,12,12,13,0,0,Not At Risk,4.0,0,2.0,3.0,1,1.0,1,1,0
GP,F,17,R,GT3,T,2,1,at_home,services,reputation,mother,2,2,0,no,yes,no,yes,yes,yes,yes,no,4,2,5,1,2,5,2.0,6,6,6,mother,2,2,0,no,yes,no,yes,yes,no,4,2,5,1,2,5,0,11,10,11,1,0,At Risk (Math Only),2.0,0,1.5,2.0,1,1.0,1,0,0
GP,F,17,U,GT3,T,1,1,at_home,other,reputation,mother,1,3,1,no,yes,no,yes,yes,yes,no,yes,4,3,4,1,1,5,0.0,6,5,0,mother,1,3,0,no,yes,no,yes,yes,yes,4,3,4,1,1,5,12,12,12,12,1,0,At Risk (Math Only),12.0,1,1.0,3.0,1,1.0,0,1,0
GP,F,16,U,GT3,T,2,3,services,teacher,other,mother,1,2,0,yes,no,no,no,yes,yes,yes,no,2,3,1,1,1,3,2.0,16,16,17,mother,1,2,0,yes,no,no,no,yes,no,2,3,1,1,1,3,0,13,13,14,0,0,Not At Risk,2.0,0,2.5,2.0,0,1.0,1,1,1
GP,M,18,U,GT3,T,2,2,other,other,home,mother,2,2,0,no,yes,yes,no,yes,yes,yes,no,3,3,3,5,5,4,0.0,12,13,13,mother,2,2,3,no,yes,yes,no,yes,no,3,3,3,5,5,4,9,10,9,10,0,0,Not At Risk,9.0,3,2.0,2.0,1,5.0,1,1,0
GP,F,16,U,GT3,T,4,4,teacher,services,home,mother,1,3,0,no,yes,no,yes,no,yes,yes,no,5,3,2,1,1,5,0.0,13,13,14,mother,1,3,0,no,yes,no,yes,yes,no,5,3,2,1,1,5,4,15,16,16,0,0,Not At Risk,4.0,0,4.0,3.0,1,1.0,1,1,0
GP,F,18,R,GT3,T,3,1,other,other,reputation,mother,1,2,1,no,no,no,yes,yes,yes,yes,yes,5,3,3,1,1,4,16.0,9,8,7,mother,1,2,0,no,no,no,yes,yes,yes,5,3,3,1,1,4,4,8,8,8,1,1,At Risk (Both),20.0,1,2.0,2.0,0,1.0,1,0,0
GP,F,17,U,GT3,T,3,2,other,other,course,mother,1,2,0,no,no,no,yes,no,yes,yes,no,5,3,4,1,3,3,10.0,16,15,15,mother,1,2,0,no,no,no,yes,yes,no,5,3,4,1,3,3,2,17,18,17,0,0,Not At Risk,12.0,0,2.5,2.0,0,1.0,1,1,0
GP,M,17,U,LE3,T,2,3,services,services,reputation,father,1,2,0,no,yes,yes,no,no,yes,yes,no,5,3,3,1,3,3,2.0,12,11,12,father,1,2,0,no,yes,no,no,yes,no,5,3,3,1,3,3,0,10,11,11,0,0,Not At Risk,2.0,0,2.5,2.0,1,1.0,1,1,0
GP,M,18,U,LE3,T,2,1,at_home,other,course,mother,4,2,0,yes,yes,yes,yes,yes,yes,yes,yes,4,3,2,4,5,3,14.0,10,8,9,mother,4,2,0,yes,yes,no,yes,yes,yes,4,3,2,4,5,3,2,9,10,11,1,0,At Risk (Math Only),16.0,0,1.5,2.0,1,4.0,1,1,1
GP,F,17,U,GT3,A,2,1,other,other,course,mother,2,3,0,no,no,no,yes,yes,yes,yes,yes,3,2,3,1,2,3,10.0,12,10,12,mother,2,3,0,no,no,no,yes,yes,yes,3,2,3,1,2,3,0,15,15,16,0,0,Not At Risk,10.0,0,1.5,3.0,0,1.0,1,1,0
GP,F,17,U,LE3,T,4,3,health,other,reputation,father,1,2,0,no,no,no,yes,yes,yes,yes,yes,3,2,3,1,2,3,14.0,13,13,14,father,1,2,0,no,no,no,yes,yes,yes,3,2,3,1,2,3,0,14,12,12,0,0,Not At Risk,14.0,0,3.5,2.0,0,1.0,1,1,0
GP,M,17,R,GT3,T,2,2,other,other,course,father,2,2,0,no,yes,yes,yes,yes,yes,yes,no,4,5,2,1,1,1,4.0,11,11,11,father,2,2,0,no,yes,no,yes,yes,no,4,5,2,1,1,1,0,12,13,13,0,0,Not At Risk,4.0,0,2.0,2.0,1,1.0,1,0,0
GP,M,17,U,GT3,T,4,4,teacher,teacher,reputation,mother,1,2,0,yes,yes,no,yes,yes,yes,yes,yes,4,5,5,1,3,2,14.0,11,9,9,mother,1,2,0,yes,yes,no,yes,yes,yes,4,5,5,1,3,2,0,13,13,13,1,0,At Risk (Math Only),14.0,0,4.0,2.0,1,1.0,1,1,1
GP,M,16,U,GT3,T,4,4,health,other,reputation,father,1,2,0,no,yes,yes,yes,yes,yes,yes,no,4,2,4,2,4,1,2.0,14,13,13,father,1,2,0,no,yes,no,yes,yes,no,4,2,4,2,4,1,0,13,13,14,0,0,Not At Risk,2.0,0,4.0,2.0,1,2.0,1,1,0
GP,M,16,U,LE3,T,1,1,other,other,home,mother,2,2,0,no,yes,yes,no,yes,yes,yes,no,3,4,2,1,1,5,17.94999999999999,9,7,6,mother,2,2,0,no,yes,no,no,yes,no,3,4,2,1,1,5,2,9,9,9,1,1,At Risk (Both),19.94999999999999,0,1.0,2.0,1,1.0,1,1,0
GP,M,16,U,GT3,T,3,2,at_home,other,reputation,mother,2,3,0,no,no,no,yes,yes,yes,yes,yes,5,3,3,1,3,2,10.0,11,9,10,mother,2,3,0,no,no,no,yes,yes,yes,5,3,3,1,3,2,0,12,12,12,0,0,Not At Risk,10.0,0,2.5,3.0,0,1.0,1,1,0
GP,M,17,U,LE3,T,2,2,other,other,home,father,1,2,0,no,no,yes,yes,no,yes,yes,yes,4,4,2,5,5,4,4.0,14,13,13,father,1,2,0,no,no,no,yes,yes,yes,4,4,2,5,5,4,0,16,16,16,0,0,Not At Risk,4.0,0,2.0,2.0,0,5.0,1,1,0
GP,F,16,U,GT3,T,2,1,other,other,home,mother,1,1,0,no,no,no,no,yes,yes,yes,yes,4,5,2,1,1,5,17.94999999999999,13,12,12,mother,1,1,0,no,no,no,no,yes,yes,4,5,2,1,1,5,4,9,10,10,0,0,Not At Risk,21.94999999999999,0,1.5,1.0,0,1.0,1,1,0
GP,F,17,R,GT3,T,2,1,at_home,services,course,mother,3,2,0,no,no,no,yes,yes,yes,no,no,2,1,1,1,1,3,2.0,13,11,11,mother,3,2,0,no,no,no,yes,yes,no,2,1,1,1,1,3,2,13,13,13,0,0,Not At Risk,4.0,0,1.5,2.0,0,1.0,0,0,0
GP,M,18,U,GT3,T,2,2,other,services,reputation,father,1,2,1,no,no,no,no,yes,Other,yes,no,5,5,4,3,5,2,0.0,7,7,0,father,1,2,0,no,no,no,no,Other,no,5,5,4,3,5,2,14,8,7,8,1,1,At Risk (Both),14.0,1,2.0,2.0,0,3.0,1,1,0
GP,M,17,U,LE3,T,4,3,health,other,course,mother,2,2,0,no,no,no,yes,yes,yes,yes,yes,2,5,5,1,4,5,14.0,12,12,12,mother,2,2,0,no,no,no,yes,yes,yes,2,5,5,1,4,5,8,15,15,15,0,0,Not At Risk,22.0,0,3.5,2.0,0,1.0,1,1,0
GP,M,17,R,LE3,A,4,4,teacher,other,course,mother,2,2,0,no,yes,yes,no,yes,yes,yes,no,3,3,3,2,3,4,2.0,10,11,12,mother,2,2,0,no,yes,no,no,yes,no,3,3,3,2,3,4,0,12,12,12,0,0,Not At Risk,2.0,0,4.0,2.0,1,2.0,1,0,0
GP,M,16,U,LE3,T,4,3,teacher,other,course,mother,1,1,0,no,no,no,yes,no,yes,yes,no,5,4,5,1,1,3,0.0,6,0,0,mother,1,1,0,no,no,no,yes,yes,no,5,4,5,1,1,3,7,14,14,15,1,0,At Risk (Math Only),7.0,0,3.5,1.0,0,1.0,1,1,0
GP,M,16,U,GT3,T,4,4,services,services,course,mother,1,1,0,no,no,no,yes,yes,yes,yes,no,5,3,2,1,2,5,0.0,13,12,12,mother,1,3,0,no,yes,no,yes,yes,no,5,3,3,1,3,5,0,15,13,13,0,0,Not At Risk,0.0,0,4.0,2.0,1,1.0,1,1,0
GP,M,16,U,GT3,T,4,4,services,services,course,mother,1,1,0,no,no,no,yes,yes,yes,yes,no,5,3,2,1,2,5,0.0,13,12,12,mother,1,1,0,no,no,yes,yes,yes,no,5,3,2,1,2,5,4,14,15,15,0,0,Not At Risk,4.0,0,4.0,1.0,0,1.0,1,1,0
GP,F,18,U,GT3,T,2,1,other,other,course,Other,2,3,0,no,yes,yes,no,no,yes,yes,yes,4,4,4,1,1,3,0.0,7,0,0,Other,2,3,0,no,yes,no,no,yes,yes,4,4,4,1,1,3,10,12,10,11,1,0,At Risk (Math Only),10.0,0,1.5,3.0,1,1.0,1,1,0
GP,M,16,U,GT3,T,2,1,other,other,course,mother,3,1,0,no,no,no,no,yes,yes,yes,no,4,3,3,1,1,4,6.0,18,18,18,mother,3,1,0,no,no,no,no,yes,no,4,3,3,1,1,4,7,15,16,16,0,0,Not At Risk,13.0,0,1.5,1.0,0,1.0,1,1,0
GP,M,17,U,GT3,T,2,3,other,other,course,father,2,1,0,no,no,no,no,yes,yes,yes,no,5,2,2,1,1,2,4.0,12,12,13,father,2,1,0,no,no,no,no,yes,no,5,2,2,1,1,2,2,9,12,13,0,0,Not At Risk,6.0,0,2.5,1.0,0,1.0,1,1,0
GP,M,22,U,GT3,T,3,1,services,services,other,mother,1,1,3,no,no,no,no,no,Other,yes,yes,5,4,5,5,5,1,16.0,6,8,8,mother,1,1,3,no,no,no,no,Other,yes,5,4,5,5,5,1,12,7,8,5,1,1,At Risk (Both),28.0,6,2.0,1.0,0,5.0,1,1,0
GP,M,18,R,LE3,T,3,3,other,services,course,mother,1,2,1,no,yes,no,no,yes,yes,yes,yes,4,3,3,1,3,5,8.0,3,5,5,mother,1,2,0,no,yes,no,no,yes,yes,4,3,3,1,3,5,8,10,9,10,1,0,At Risk (Math Only),16.0,1,3.0,2.0,1,1.0,1,0,0
GP,M,16,U,GT3,T,0,2,other,other,other,mother,1,1,0,no,no,yes,no,no,yes,yes,no,4,3,2,2,4,5,0.0,13,15,15,mother,1,1,0,no,no,no,no,yes,no,4,3,2,2,4,5,0,11,12,11,0,0,Not At Risk,0.0,0,1.0,1.0,0,2.0,1,1,0
GP,M,18,U,GT3,T,3,2,services,other,course,mother,2,1,1,no,no,no,no,yes,Other,yes,no,4,4,5,2,4,5,0.0,6,8,8,mother,2,1,0,no,no,no,no,Other,no,4,4,5,2,4,5,8,7,8,7,1,1,At Risk (Both),8.0,1,2.5,1.0,0,2.0,1,1,0
GP,M,16,U,GT3,T,3,3,at_home,other,reputation,Other,3,2,0,yes,yes,no,no,no,yes,yes,no,5,3,3,1,3,2,6.0,7,10,10,Other,3,2,1,yes,yes,no,no,yes,no,5,3,3,1,3,2,4,9,11,10,0,0,Not At Risk,10.0,1,3.0,2.0,1,1.0,1,1,1
GP,M,18,U,GT3,T,2,1,services,services,other,mother,1,1,1,no,no,no,no,no,Other,yes,no,3,2,5,2,5,5,4.0,6,9,8,mother,1,1,2,no,no,no,no,Other,no,3,2,5,2,5,5,4,7,8,6,1,1,At Risk (Both),8.0,3,1.5,1.0,0,2.0,1,1,0
GP,M,16,R,GT3,T,2,1,other,other,course,mother,2,1,0,no,no,no,yes,no,yes,no,no,3,3,2,1,3,3,0.0,8,9,8,mother,2,1,0,no,no,no,yes,yes,no,3,3,2,1,3,3,2,14,13,12,1,0,At Risk (Math Only),2.0,0,1.5,1.0,0,1.0,0,0,0
GP,M,17,R,GT3,T,2,1,other,other,course,mother,1,1,0,no,no,no,no,no,yes,yes,no,4,4,2,2,4,5,0.0,8,12,12,mother,1,1,0,no,no,no,no,yes,no,4,4,2,2,4,5,0,12,12,13,0,0,Not At Risk,0.0,0,1.5,1.0,0,2.0,1,0,0
GP,M,17,U,LE3,T,1,1,health,other,course,mother,2,1,1,no,yes,no,yes,yes,yes,yes,no,4,4,4,1,2,5,2.0,7,9,8,mother,2,1,1,no,yes,no,yes,yes,no,4,4,4,1,2,5,0,9,10,10,1,0,At Risk (Math Only),2.0,2,1.0,1.0,1,1.0,1,1,0
GP,F,17,U,LE3,T,4,2,teacher,services,reputation,mother,1,4,0,no,yes,yes,yes,yes,yes,yes,no,4,2,3,1,1,4,6.0,14,12,13,mother,1,4,0,no,yes,no,yes,yes,no,4,2,3,1,1,4,2,14,15,17,0,0,Not At Risk,8.0,0,3.0,4.0,1,1.0,1,1,0
GP,M,19,U,LE3,A,4,3,services,Other,reputation,mother,1,2,0,no,yes,no,no,yes,yes,yes,no,4,3,1,1,1,1,12.0,11,11,11,mother,1,2,0,no,yes,no,no,yes,no,4,3,1,1,1,1,4,11,13,14,0,0,Not At Risk,16.0,0,3.5,2.0,1,1.0,1,1,0
GP,M,18,U,GT3,T,2,1,other,other,home,mother,1,2,0,no,no,no,yes,yes,yes,yes,no,5,2,4,1,2,4,8.0,15,14,14,mother,1,2,0,no,no,no,yes,yes,no,5,2,4,1,2,4,2,16,16,16,0,0,Not At Risk,10.0,0,1.5,2.0,0,1.0,1,1,0
GP,F,17,U,LE3,T,2,2,services,services,course,father,1,4,0,no,no,yes,yes,yes,yes,yes,yes,3,4,1,1,1,2,0.0,10,9,0,father,1,4,0,no,no,no,yes,yes,yes,3,4,1,1,1,2,2,10,11,12,1,0,At Risk (Math Only),2.0,0,2.0,4.0,0,1.0,1,1,0
GP,F,18,U,GT3,T,4,3,services,other,home,father,1,2,0,no,yes,yes,no,yes,yes,yes,yes,3,1,2,1,3,2,17.94999999999999,17,18,18,father,1,2,0,no,yes,no,no,yes,yes,3,1,2,1,3,2,2,15,15,15,0,0,Not At Risk,19.94999999999999,0,3.5,2.0,1,1.0,1,1,0
GP,M,18,U,GT3,T,4,3,teacher,other,course,mother,1,2,0,no,yes,yes,no,no,yes,yes,no,4,3,2,1,1,3,2.0,8,8,8,mother,1,2,0,no,yes,no,no,yes,no,4,3,2,1,1,3,2,10,10,11,1,0,At Risk (Math Only),4.0,0,3.5,2.0,1,1.0,1,1,0
GP,M,18,R,GT3,T,3,2,other,other,course,mother,1,3,0,no,no,no,yes,no,yes,no,no,5,3,2,1,1,3,1.0,13,12,12,mother,1,3,0,no,no,no,yes,yes,no,5,3,2,1,1,3,2,10,11,12,0,0,Not At Risk,3.0,0,2.5,3.0,0,1.0,0,0,0
GP,F,17,U,GT3,T,3,3,other,other,home,mother,1,3,0,no,no,no,yes,no,yes,no,no,3,2,3,1,1,4,4.0,10,9,9,mother,1,3,0,no,no,no,yes,yes,no,3,2,3,1,1,4,2,15,12,13,1,0,At Risk (Math Only),6.0,0,3.0,3.0,0,1.0,0,1,0
GP,F,18,U,GT3,T,2,2,at_home,services,home,mother,1,3,0,no,yes,yes,yes,yes,yes,yes,yes,4,3,3,1,1,3,0.0,9,10,0,mother,1,3,0,no,yes,no,yes,yes,yes,4,3,3,1,1,3,0,11,12,13,1,0,At Risk (Math Only),0.0,0,2.0,3.0,1,1.0,1,1,0
GP,M,18,R,LE3,A,3,4,other,other,reputation,mother,2,2,0,no,yes,yes,yes,yes,yes,yes,no,4,2,5,3,4,1,13.0,17,17,17,mother,2,2,0,no,yes,no,yes,yes,no,4,2,5,3,4,1,6,15,16,16,0,0,Not At Risk,19.0,0,3.5,2.0,1,3.0,1,0,0
GP,M,17,U,GT3,T,3,1,services,other,other,mother,1,2,0,no,no,yes,yes,yes,yes,yes,yes,5,4,4,3,4,5,2.0,9,9,10,mother,1,2,0,no,no,no,yes,yes,yes,5,4,4,3,4,5,0,11,11,14,0,0,Not At Risk,2.0,0,2.0,2.0,0,3.0,1,1,0
GP,F,18,R,GT3,T,4,4,teacher,other,reputation,mother,2,2,0,no,no,yes,yes,yes,yes,yes,no,4,3,4,2,2,4,8.0,12,10,11,mother,2,2,0,no,no,no,yes,yes,no,4,3,4,2,2,4,8,10,11,12,0,0,Not At Risk,16.0,0,4.0,2.0,0,2.0,1,0,0
GP,M,18,U,GT3,T,4,2,health,other,reputation,father,1,2,0,no,yes,yes,yes,yes,yes,yes,yes,5,4,5,1,3,5,10.0,10,9,10,father,1,2,0,no,yes,no,yes,yes,yes,5,4,5,1,3,5,4,10,12,14,0,0,Not At Risk,14.0,0,3.0,2.0,1,1.0,1,1,0
GP,F,18,R,GT3,T,2,1,other,other,reputation,mother,2,2,0,no,yes,no,no,yes,Other,yes,yes,4,3,5,1,2,3,0.0,6,0,0,mother,2,2,0,no,yes,no,no,Other,yes,4,3,5,1,2,3,12,8,9,10,1,0,At Risk (Math Only),12.0,0,1.5,2.0,1,1.0,1,0,0
GP,F,19,U,GT3,T,3,3,other,services,home,Other,1,2,2,no,yes,yes,yes,yes,yes,yes,no,4,3,5,3,3,5,15.0,9,9,9,Other,1,2,0,no,yes,no,yes,yes,no,4,3,5,3,3,5,14,11,12,12,1,0,At Risk (Math Only),29.0,2,3.0,2.0,1,3.0,1,1,0
GP,F,18,U,GT3,T,2,3,other,services,reputation,father,1,4,0,no,yes,yes,yes,yes,yes,yes,yes,4,5,5,1,3,2,4.0,15,14,14,father,1,4,0,no,yes,no,yes,yes,yes,4,5,5,1,3,2,10,16,16,16,0,0,Not At Risk,14.0,0,2.5,4.0,1,1.0,1,1,0
GP,F,18,U,LE3,T,1,1,other,other,home,mother,2,2,0,no,yes,yes,no,no,yes,no,no,4,4,3,1,1,3,2.0,11,11,11,mother,2,2,0,no,yes,no,no,yes,no,4,4,3,1,1,3,2,13,13,13,0,0,Not At Risk,4.0,0,1.0,2.0,1,1.0,0,1,0
GP,M,17,R,GT3,T,1,2,at_home,Other,home,mother,1,2,0,no,yes,yes,yes,no,yes,no,yes,3,5,2,2,2,1,2.0,15,14,14,mother,1,2,0,no,yes,no,yes,yes,yes,3,5,2,2,2,1,2,16,17,18,0,0,Not At Risk,4.0,0,1.5,2.0,1,2.0,0,0,0
GP,F,17,U,GT3,T,2,4,at_home,Other,reputation,mother,2,2,0,no,yes,yes,no,yes,yes,yes,yes,4,3,3,1,1,1,2.0,10,10,10,mother,2,2,0,no,yes,no,no,yes,yes,4,3,3,1,1,1,6,15,16,16,0,0,Not At Risk,8.0,0,3.0,2.0,1,1.0,1,1,0
GP,F,17,U,LE3,T,2,2,services,other,course,mother,2,2,0,yes,yes,yes,no,yes,yes,yes,yes,4,4,4,2,3,5,6.0,12,12,12,mother,2,2,0,yes,yes,no,no,yes,yes,4,4,4,2,3,5,6,12,12,12,0,0,Not At Risk,12.0,0,2.0,2.0,1,2.0,1,1,1
GP,F,18,R,GT3,A,3,2,other,services,home,mother,2,2,0,no,no,no,no,no,Other,yes,yes,4,1,1,1,1,5,17.94999999999999,10,9,9,mother,2,2,0,no,no,no,no,Other,yes,4,1,1,1,1,5,14,12,9,10,1,0,At Risk (Math Only),31.94999999999999,0,2.5,2.0,0,1.0,1,0,0
GP,M,18,U,GT3,T,4,4,teacher,services,home,mother,2,1,0,no,no,yes,yes,yes,yes,yes,no,3,2,4,1,4,3,17.94999999999999,9,9,9,mother,2,1,0,no,no,no,yes,yes,no,3,2,4,1,4,3,6,11,12,12,1,0,At Risk (Math Only),23.94999999999999,0,4.0,1.0,0,1.0,1,1,0
GP,M,18,U,GT3,T,4,4,teacher,services,home,mother,2,1,0,no,no,yes,yes,yes,yes,yes,no,3,2,4,1,4,3,17.94999999999999,9,9,9,father,1,2,0,no,yes,no,yes,yes,no,4,3,3,2,2,2,0,12,12,13,1,0,At Risk (Math Only),17.94999999999999,0,4.0,1.5,1,1.5,1,1,0
GP,F,18,U,GT3,T,4,4,health,Other,reputation,father,1,2,1,yes,yes,no,yes,yes,yes,yes,yes,2,4,4,1,1,4,15.0,9,8,8,father,1,2,1,yes,yes,no,yes,yes,yes,2,4,4,1,1,4,2,14,12,13,1,0,At Risk (Math Only),17.0,2,4.0,2.0,1,1.0,1,1,1
GP,M,18,U,LE3,T,4,3,teacher,services,course,mother,2,1,0,no,no,yes,yes,yes,yes,yes,no,4,2,3,1,2,1,8.0,10,11,10,mother,2,1,0,no,no,no,yes,yes,no,4,2,3,1,2,1,0,10,10,10,0,0,Not At Risk,8.0,0,3.5,1.0,0,1.0,1,1,0
GP,M,17,U,LE3,A,4,1,services,other,home,mother,2,1,0,no,no,yes,yes,yes,yes,yes,yes,4,5,4,2,4,5,17.94999999999999,8,8,8,mother,2,1,0,no,no,no,yes,yes,yes,4,5,4,2,4,5,14,11,11,10,1,0,At Risk (Math Only),31.94999999999999,0,2.5,1.0,0,2.0,1,1,0
GP,M,17,U,LE3,A,3,2,teacher,services,home,mother,1,1,1,no,no,no,no,yes,yes,yes,no,4,4,4,3,4,3,17.94999999999999,11,9,10,mother,1,1,0,no,no,no,no,yes,no,4,4,4,3,4,3,14,13,13,13,0,0,Not At Risk,31.94999999999999,1,2.5,1.0,0,3.0,1,1,0
GP,F,18,R,LE3,T,1,1,at_home,other,reputation,mother,2,4,0,no,yes,yes,yes,yes,yes,no,no,5,2,2,1,1,3,1.0,12,12,12,mother,2,4,0,no,yes,no,yes,yes,no,5,2,2,1,1,3,2,17,17,18,0,0,Not At Risk,3.0,0,1.0,4.0,1,1.0,0,0,0
GP,F,18,U,GT3,T,1,1,other,other,home,mother,2,2,0,yes,no,no,yes,yes,yes,yes,no,5,4,4,1,1,4,4.0,8,9,10,mother,2,2,0,yes,no,no,yes,yes,no,5,4,4,1,1,4,0,12,13,13,0,0,Not At Risk,4.0,0,1.0,2.0,0,1.0,1,1,1
GP,F,18,U,GT3,T,1,1,other,other,home,mother,2,2,0,yes,no,no,yes,yes,yes,yes,no,5,4,4,1,1,4,4.0,8,9,10,mother,2,3,0,no,no,no,yes,yes,no,4,5,5,1,2,2,0,14,14,14,0,0,Not At Risk,4.0,0,1.0,2.5,0,1.0,1,1,1
GP,F,17,U,GT3,T,2,2,other,other,course,mother,1,2,0,no,yes,no,no,no,yes,yes,no,5,4,5,1,2,5,4.0,10,9,11,mother,1,2,0,no,yes,no,no,yes,no,5,4,5,1,2,5,12,12,12,14,0,0,Not At Risk,16.0,0,2.0,2.0,1,1.0,1,1,0
GP,M,17,U,GT3,T,1,1,other,other,reputation,father,1,2,0,no,no,yes,no,no,yes,yes,no,4,3,3,1,2,4,2.0,12,10,11,father,1,2,0,no,no,no,no,yes,no,4,3,3,1,2,4,0,12,12,12,0,0,Not At Risk,2.0,0,1.0,2.0,0,1.0,1,1,0
GP,F,18,U,GT3,T,2,2,at_home,Other,other,mother,1,3,0,no,yes,yes,no,yes,yes,yes,no,4,3,3,1,2,2,5.0,18,18,19,mother,1,3,0,no,yes,no,no,yes,no,4,3,3,1,2,2,0,18,18,18,0,0,Not At Risk,5.0,0,2.0,3.0,1,1.0,1,1,0
GP,F,17,U,GT3,T,1,1,services,teacher,reputation,mother,1,3,0,no,yes,yes,no,yes,yes,yes,no,4,3,3,1,1,3,6.0,13,12,12,mother,1,3,0,no,yes,no,no,yes,no,4,3,3,1,1,3,0,13,13,14,0,0,Not At Risk,6.0,0,1.0,3.0,1,1.0,1,1,0
GP,M,18,U,GT3,T,2,1,services,services,reputation,mother,1,3,0,no,no,yes,yes,yes,yes,yes,no,4,2,4,1,3,2,6.0,15,14,14,mother,1,3,0,no,no,no,yes,yes,no,4,2,4,1,3,2,0,14,15,15,0,0,Not At Risk,6.0,0,1.5,3.0,0,1.0,1,1,0
GP,M,18,U,LE3,A,4,4,teacher,teacher,reputation,mother,1,2,0,no,yes,yes,yes,yes,yes,yes,no,5,4,3,1,1,2,9.0,15,13,15,mother,1,2,0,no,yes,no,yes,yes,no,5,4,3,1,1,2,0,17,17,17,0,0,Not At Risk,9.0,0,4.0,2.0,1,1.0,1,1,0
GP,M,18,U,GT3,T,4,2,teacher,other,home,mother,1,2,0,no,yes,yes,yes,yes,yes,yes,yes,4,3,2,1,4,5,11.0,12,11,11,mother,1,2,0,no,yes,no,yes,yes,yes,4,3,2,1,4,5,2,15,16,16,0,0,Not At Risk,13.0,0,3.0,2.0,1,1.0,1,1,0
GP,F,17,U,GT3,T,4,3,health,services,reputation,mother,1,3,0,no,yes,yes,no,yes,yes,yes,no,4,2,2,1,2,3,0.0,15,15,15,mother,1,3,0,no,yes,no,no,yes,no,4,2,2,1,2,3,0,17,18,18,0,0,Not At Risk,0.0,0,3.5,3.0,1,1.0,1,1,0
GP,F,17,R,LE3,T,3,1,services,other,reputation,mother,2,4,0,no,yes,yes,no,yes,yes,no,no,3,1,2,1,1,3,6.0,18,18,18,mother,2,4,0,no,yes,no,no,yes,no,3,1,2,1,1,3,0,18,19,19,0,0,Not At Risk,6.0,0,2.0,4.0,1,1.0,0,0,0
GP,M,18,R,LE3,T,3,2,services,other,reputation,mother,2,3,0,no,yes,yes,yes,yes,yes,yes,no,5,4,2,1,1,4,8.0,14,13,14,mother,2,3,0,no,yes,no,yes,yes,no,5,4,2,1,1,4,0,14,15,15,0,0,Not At Risk,8.0,0,2.5,3.0,1,1.0,1,0,0
GP,M,17,U,GT3,T,3,3,health,other,home,mother,1,1,0,no,yes,yes,no,yes,yes,yes,no,4,4,3,1,3,5,4.0,14,12,11,mother,1,1,0,no,yes,no,no,yes,no,4,4,3,1,3,5,0,14,15,15,0,0,Not At Risk,4.0,0,3.0,1.0,1,1.0,1,1,0
GP,F,19,U,GT3,T,4,4,health,other,reputation,Other,2,2,0,no,yes,yes,yes,yes,yes,yes,no,2,3,4,2,3,2,0.0,10,9,0,Other,2,2,0,no,yes,no,yes,yes,no,2,3,4,2,3,2,2,14,13,13,1,0,At Risk (Math Only),2.0,0,4.0,2.0,1,2.0,1,1,0
GP,F,18,U,LE3,T,4,3,other,other,home,Other,2,2,0,no,yes,yes,no,yes,yes,yes,yes,4,4,5,1,2,2,10.0,10,8,8,Other,2,2,0,no,yes,no,no,yes,yes,4,4,5,1,2,2,0,13,14,14,1,0,At Risk (Math Only),10.0,0,3.5,2.0,1,1.0,1,1,0
GP,F,18,U,GT3,T,4,3,other,other,reputation,father,1,4,0,no,yes,yes,no,yes,yes,yes,no,4,3,3,1,1,3,0.0,14,13,14,father,1,4,0,no,yes,no,no,yes,no,4,3,3,1,1,3,0,16,17,17,0,0,Not At Risk,0.0,0,3.5,4.0,1,1.0,1,1,0
GP,M,18,U,LE3,T,4,4,teacher,teacher,home,mother,1,1,0,no,yes,yes,no,yes,yes,yes,yes,1,4,2,2,2,1,5.0,16,15,16,mother,1,1,0,no,yes,no,no,yes,yes,1,4,2,2,2,1,0,18,18,17,0,0,Not At Risk,5.0,0,4.0,1.0,1,2.0,1,1,0
GP,F,18,U,LE3,A,4,4,health,other,home,mother,1,2,0,no,yes,no,no,yes,yes,yes,yes,4,2,4,1,1,4,14.0,12,10,11,mother,1,2,0,no,yes,yes,no,yes,yes,4,2,4,1,1,4,0,14,15,15,0,0,Not At Risk,14.0,0,4.0,2.0,1,1.0,1,1,0
GP,M,17,U,LE3,T,4,4,other,teacher,home,father,2,1,0,no,no,yes,no,yes,yes,yes,no,4,1,1,2,2,5,0.0,11,11,10,father,2,1,0,no,no,no,no,yes,no,4,1,1,2,2,5,0,12,13,13,0,0,Not At Risk,0.0,0,4.0,1.0,0,2.0,1,1,0
GP,F,17,U,GT3,T,4,2,other,other,reputation,mother,2,3,0,no,yes,yes,no,yes,yes,yes,no,4,3,3,1,1,3,0.0,15,12,14,mother,2,3,0,no,yes,no,no,yes,no,4,3,3,1,1,3,0,16,16,16,0,0,Not At Risk,0.0,0,3.0,3.0,1,1.0,1,1,0
GP,F,17,U,GT3,T,3,2,health,Other,reputation,father,1,4,0,no,yes,yes,yes,no,yes,yes,no,5,2,2,1,2,5,0.0,17,17,18,father,1,4,0,no,yes,no,yes,yes,no,5,2,2,1,2,5,0,18,18,18,0,0,Not At Risk,0.0,0,2.5,4.0,1,1.0,1,1,0
GP,M,20,U,GT3,A,3,2,services,other,course,Other,1,1,0,no,no,no,yes,yes,yes,no,no,5,5,3,1,1,5,0.0,17,18,18,Other,1,1,2,no,no,no,yes,yes,no,5,5,3,1,1,5,0,14,15,15,0,0,Not At Risk,0.0,2,2.5,1.0,0,1.0,0,1,0
GP,M,19,R,GT3,T,3,3,other,services,reputation,father,1,2,1,no,no,no,yes,yes,yes,no,yes,4,5,3,1,2,5,0.0,15,12,12,father,1,2,0,no,no,no,yes,yes,yes,4,5,3,1,2,5,0,10,10,11,0,0,Not At Risk,0.0,1,3.0,2.0,0,1.0,0,0,0
GP,F,18,U,GT3,T,2,1,services,other,course,mother,2,2,0,no,yes,yes,yes,yes,yes,yes,no,5,3,3,1,2,1,0.0,8,8,0,mother,2,2,0,no,yes,no,yes,yes,no,5,3,3,1,2,1,2,12,12,15,1,0,At Risk (Math Only),2.0,0,1.5,2.0,1,1.0,1,1,0
GP,F,18,U,GT3,T,4,3,other,other,course,mother,1,3,0,no,yes,yes,yes,yes,yes,yes,yes,4,3,4,1,1,5,9.0,9,10,9,mother,1,3,0,no,yes,no,yes,yes,yes,4,3,4,1,1,5,2,14,15,17,1,0,At Risk (Math Only),11.0,0,3.5,3.0,1,1.0,1,1,0
GP,F,17,R,GT3,T,3,4,at_home,services,course,father,1,3,0,no,yes,yes,yes,no,yes,yes,no,4,3,4,2,5,5,0.0,11,11,10,father,1,3,0,no,yes,no,yes,yes,no,4,3,4,2,5,5,2,15,15,17,0,0,Not At Risk,2.0,0,3.5,3.0,1,2.0,1,0,0
GP,F,18,U,GT3,T,4,4,teacher,other,course,mother,1,2,0,no,yes,yes,no,yes,yes,yes,no,4,4,4,3,3,5,2.0,11,11,11,mother,1,2,0,no,yes,no,no,yes,no,4,4,4,3,3,5,0,12,11,13,0,0,Not At Risk,2.0,0,4.0,2.0,1,3.0,1,1,0
GP,F,17,U,GT3,A,4,3,services,services,course,mother,1,2,0,no,yes,yes,no,yes,yes,yes,yes,5,2,2,1,2,5,17.94999999999999,13,13,13,mother,1,2,0,no,yes,no,no,yes,yes,5,2,2,1,2,5,14,15,14,17,0,0,Not At Risk,31.94999999999999,0,3.5,2.0,1,1.0,1,1,0
GP,F,17,U,GT3,T,2,2,other,other,course,mother,1,2,0,no,yes,no,no,yes,yes,no,yes,4,2,2,1,1,3,12.0,11,9,9,mother,1,2,0,no,yes,no,no,yes,yes,4,2,2,1,1,3,4,14,13,13,1,0,At Risk (Math Only),16.0,0,2.0,2.0,1,1.0,0,1,0
GP,F,17,R,LE3,T,2,2,services,services,course,mother,1,3,0,no,yes,yes,yes,yes,yes,yes,no,3,3,2,2,2,3,3.0,11,11,11,mother,1,3,0,no,yes,no,yes,yes,no,3,3,2,2,2,3,0,11,11,10,0,0,Not At Risk,3.0,0,2.0,3.0,1,2.0,1,0,0
GP,F,17,U,GT3,T,3,1,services,services,course,father,1,3,0,no,yes,no,no,no,yes,yes,no,3,4,3,2,3,5,1.0,12,14,15,father,1,3,0,no,yes,no,no,yes,no,3,4,3,2,3,5,0,17,18,17,0,0,Not At Risk,1.0,0,2.0,3.0,1,2.0,1,1,0
GP,F,17,U,LE3,T,0,2,at_home,Other,home,father,2,3,0,no,no,no,no,yes,yes,yes,no,3,3,3,2,3,2,0.0,16,15,15,father,2,3,0,no,no,no,no,yes,no,3,3,3,2,3,2,0,14,14,15,0,0,Not At Risk,0.0,0,1.0,3.0,0,2.0,1,1,0
GP,M,18,U,GT3,T,4,4,other,other,course,mother,1,3,0,no,no,no,yes,yes,yes,yes,no,4,3,3,2,2,3,3.0,9,12,11,mother,1,3,0,no,no,no,yes,yes,no,4,3,3,2,2,3,0,13,14,13,0,0,Not At Risk,3.0,0,4.0,3.0,0,2.0,1,1,0
GP,M,17,U,GT3,T,3,3,other,services,reputation,mother,1,1,0,no,no,no,yes,no,yes,yes,no,4,3,5,3,5,5,3.0,14,15,16,mother,1,1,0,no,no,no,yes,yes,no,4,3,5,3,5,5,0,17,18,17,0,0,Not At Risk,3.0,0,3.0,1.0,0,3.0,1,1,0
GP,M,17,R,GT3,T,2,2,services,other,course,mother,4,1,0,no,yes,no,no,yes,yes,yes,no,4,4,5,5,5,4,8.0,11,10,10,mother,4,1,0,no,yes,no,no,yes,no,4,4,5,5,5,4,2,11,10,10,0,0,Not At Risk,10.0,0,2.0,1.0,1,5.0,1,0,0
GP,F,17,U,GT3,T,4,4,teacher,services,course,mother,1,3,0,no,yes,yes,yes,yes,yes,yes,no,5,4,4,1,3,4,7.0,10,9,9,mother,1,2,0,no,yes,yes,no,yes,yes,5,3,1,1,4,5,2,11,11,12,1,0,At Risk (Math Only),9.0,0,4.0,2.5,1,1.0,1,1,0
GP,F,17,U,GT3,T,4,4,teacher,services,course,mother,1,3,0,no,yes,yes,yes,yes,yes,yes,no,5,4,4,1,3,4,7.0,10,9,9,mother,1,3,0,no,yes,no,yes,yes,no,5,4,4,1,3,4,0,13,12,13,1,0,At Risk (Math Only),7.0,0,4.0,3.0,1,1.0,1,1,0
GP,F,17,U,GT3,T,4,4,teacher,teacher,course,mother,2,3,0,no,yes,yes,no,no,yes,yes,yes,4,3,3,1,2,4,4.0,14,14,14,mother,2,3,0,no,yes,no,no,yes,yes,4,3,3,1,2,4,4,15,14,15,0,0,Not At Risk,8.0,0,4.0,3.0,1,1.0,1,1,0
GP,M,18,U,LE3,T,2,2,other,other,course,mother,1,4,0,no,yes,no,yes,yes,yes,yes,no,4,5,5,2,4,5,2.0,9,8,8,mother,1,4,0,no,yes,yes,yes,yes,no,4,5,5,2,4,5,0,11,11,12,1,0,At Risk (Math Only),2.0,0,2.0,4.0,1,2.0,1,1,0
GP,F,17,R,GT3,T,2,4,at_home,other,course,father,1,3,0,no,yes,no,no,yes,yes,yes,yes,4,4,3,1,1,5,7.0,12,14,14,father,1,3,0,no,yes,no,no,yes,yes,4,4,3,1,1,5,0,15,15,15,0,0,Not At Risk,7.0,0,3.0,3.0,1,1.0,1,0,0
GP,F,18,U,GT3,T,3,3,services,services,home,mother,1,2,0,no,no,no,yes,yes,yes,yes,no,5,3,4,1,1,4,0.0,7,0,0,mother,1,2,0,no,no,no,yes,yes,no,5,3,4,1,1,4,8,10,11,12,1,0,At Risk (Math Only),8.0,0,3.0,2.0,0,1.0,1,1,0
GP,F,18,U,LE3,T,2,2,other,other,home,Other,1,2,0,no,no,no,yes,no,yes,yes,yes,4,3,3,1,1,2,0.0,8,8,0,Other,1,2,0,no,no,no,yes,yes,yes,4,3,3,1,1,2,0,10,9,12,1,0,At Risk (Math Only),0.0,0,2.0,2.0,0,1.0,1,1,0
GP,F,18,R,GT3,T,2,2,at_home,other,course,mother,2,4,0,no,no,no,yes,yes,yes,no,no,4,4,4,1,1,4,0.0,10,9,0,mother,2,4,0,no,no,no,yes,yes,no,4,4,4,1,1,4,6,14,13,14,1,0,At Risk (Math Only),6.0,0,2.0,4.0,0,1.0,0,0,0
GP,F,17,U,GT3,T,3,4,services,other,course,mother,1,3,0,no,no,no,no,yes,yes,yes,no,4,4,5,1,3,5,16.0,16,15,15,mother,1,3,0,no,no,no,no,yes,no,4,4,5,1,3,5,8,11,13,14,0,0,Not At Risk,24.0,0,3.5,3.0,0,1.0,1,1,0
GP,F,17,U,GT3,T,3,2,other,other,home,mother,1,2,0,no,yes,yes,no,yes,yes,yes,yes,4,3,2,2,3,2,0.0,7,8,0,mother,1,2,0,no,yes,no,no,yes,yes,4,3,2,2,3,2,0,12,13,15,1,0,At Risk (Math Only),0.0,0,2.5,2.0,1,2.0,1,1,0
GP,F,18,U,LE3,T,3,3,services,services,home,mother,1,4,0,no,yes,no,no,yes,yes,yes,no,5,3,3,1,1,1,7.0,16,15,17,mother,1,4,0,no,yes,no,no,yes,no,5,3,3,1,1,1,4,14,14,15,0,0,Not At Risk,11.0,0,3.0,4.0,1,1.0,1,1,0
GP,F,17,R,GT3,A,3,2,other,other,home,mother,1,2,0,no,yes,yes,no,yes,yes,yes,no,4,3,3,2,3,2,4.0,9,10,10,mother,1,2,0,no,yes,no,no,yes,no,4,3,3,2,3,2,0,14,14,16,0,0,Not At Risk,4.0,0,2.5,2.0,1,2.0,1,0,0
GP,M,18,U,GT3,T,4,4,teacher,services,home,father,1,2,1,no,yes,no,yes,yes,yes,yes,no,4,3,3,2,2,2,0.0,10,10,0,mother,2,1,0,no,no,no,yes,yes,no,3,2,4,1,4,3,6,11,12,12,1,0,At Risk (Math Only),6.0,1,4.0,1.5,1,1.5,1,1,0
GP,M,18,U,GT3,T,4,4,teacher,services,home,father,1,2,1,no,yes,no,yes,yes,yes,yes,no,4,3,3,2,2,2,0.0,10,10,0,father,1,2,0,no,yes,no,yes,yes,no,4,3,3,2,2,2,0,12,12,13,1,0,At Risk (Math Only),0.0,1,4.0,2.0,1,2.0,1,1,0
GP,M,18,U,LE3,T,3,4,services,other,home,mother,1,2,0,no,no,no,yes,yes,yes,yes,yes,4,3,3,1,3,5,11.0,16,15,15,mother,1,2,0,no,no,no,yes,yes,yes,4,3,3,1,3,5,6,16,16,17,0,0,Not At Risk,17.0,0,3.5,2.0,0,1.0,1,1,0
GP,F,17,U,GT3,A,2,2,at_home,Other,home,father,1,2,1,no,yes,no,no,yes,yes,yes,yes,3,3,1,1,2,4,0.0,9,8,0,father,1,2,0,no,yes,no,no,yes,yes,3,3,1,1,2,4,14,10,12,14,1,0,At Risk (Math Only),14.0,1,2.0,2.0,1,1.0,1,1,0
GP,F,18,U,GT3,T,2,3,at_home,other,course,mother,1,3,0,no,yes,no,no,yes,yes,yes,no,4,3,3,1,2,3,4.0,11,10,10,mother,1,3,0,no,yes,no,no,yes,no,4,3,3,1,2,3,0,11,12,14,0,0,Not At Risk,4.0,0,2.5,3.0,1,1.0,1,1,0
GP,F,18,U,GT3,T,3,2,other,services,other,mother,1,3,0,no,no,no,no,yes,yes,yes,yes,5,4,3,2,3,1,7.0,13,13,14,mother,1,3,0,no,no,no,no,yes,yes,5,4,3,2,3,1,4,14,16,17,0,0,Not At Risk,11.0,0,2.5,3.0,0,2.0,1,1,0
GP,M,18,R,GT3,T,4,3,teacher,services,course,mother,1,3,0,no,no,no,no,yes,yes,yes,yes,5,3,2,1,2,4,9.0,16,15,16,mother,1,3,0,no,no,no,no,yes,yes,5,3,2,1,2,4,4,15,14,17,0,0,Not At Risk,13.0,0,3.5,3.0,0,1.0,1,0,0
GP,M,18,U,GT3,T,4,3,teacher,other,course,mother,1,3,0,no,yes,yes,no,yes,yes,yes,yes,5,4,5,2,3,5,0.0,10,10,9,mother,1,3,0,no,yes,no,no,yes,yes,5,4,5,2,3,5,0,14,13,14,1,0,At Risk (Math Only),0.0,0,3.5,3.0,1,2.0,1,1,0
GP,F,17,U,GT3,T,4,3,health,other,reputation,mother,1,3,0,no,yes,yes,yes,yes,yes,yes,yes,4,4,3,1,3,4,0.0,13,15,15,mother,1,3,0,no,yes,no,yes,yes,yes,4,4,3,1,3,4,0,11,12,13,0,0,Not At Risk,0.0,0,3.5,3.0,1,1.0,1,1,0
MS,M,18,R,GT3,T,3,2,other,other,course,mother,2,1,1,no,yes,no,no,no,yes,yes,no,2,5,5,5,5,5,10.0,11,13,13,mother,2,1,0,no,yes,no,no,yes,no,2,5,5,5,5,5,8,9,10,11,0,0,Not At Risk,18.0,1,2.5,1.0,1,5.0,1,0,0
MS,M,19,R,GT3,T,1,1,other,services,home,Other,3,2,3,no,no,no,no,yes,yes,yes,no,5,4,4,3,3,2,8.0,8,7,8,Other,3,2,1,no,no,no,no,yes,no,5,4,4,3,3,2,8,10,9,11,1,0,At Risk (Math Only),16.0,4,1.0,2.0,0,3.0,1,0,0
MS,M,17,U,GT3,T,3,3,health,other,course,mother,2,2,0,no,yes,yes,no,yes,yes,yes,no,4,5,4,2,3,3,2.0,13,13,13,mother,2,2,1,no,yes,no,no,yes,no,4,5,4,2,3,3,4,8,9,10,0,0,Not At Risk,6.0,1,3.0,2.0,1,2.0,1,1,0
MS,M,18,U,LE3,T,1,3,at_home,services,course,mother,1,1,1,no,no,no,no,yes,Other,yes,yes,4,3,3,2,3,3,7.0,8,7,8,mother,1,1,0,no,no,no,no,Other,yes,4,3,3,2,3,3,0,9,10,9,1,1,At Risk (Both),7.0,1,2.0,1.0,0,2.0,1,1,0
MS,M,19,R,GT3,T,1,1,other,other,home,Other,3,1,1,no,yes,no,no,yes,yes,yes,no,4,4,4,3,3,5,4.0,8,8,8,Other,3,1,1,no,yes,no,no,yes,no,4,4,4,3,3,5,4,8,9,10,1,0,At Risk (Math Only),8.0,2,1.0,1.0,1,3.0,1,0,0
MS,M,17,R,GT3,T,4,3,services,other,home,mother,2,2,0,no,yes,yes,yes,no,yes,yes,yes,4,5,5,1,3,2,4.0,13,11,11,mother,2,2,1,no,yes,yes,yes,yes,yes,4,5,5,1,3,2,4,10,11,11,0,0,Not At Risk,8.0,1,3.5,2.0,1,1.0,1,0,0
MS,F,18,U,GT3,T,3,3,services,services,course,father,1,2,0,no,yes,no,no,yes,yes,no,yes,5,3,4,1,1,5,0.0,10,9,9,father,1,2,0,no,yes,no,no,yes,yes,5,3,4,1,1,5,0,10,10,10,1,0,At Risk (Math Only),0.0,0,3.0,2.0,1,1.0,0,1,0
MS,F,17,R,GT3,T,4,4,teacher,services,other,father,2,2,0,no,yes,yes,yes,yes,yes,yes,no,4,3,3,1,2,5,4.0,12,13,13,father,2,2,0,no,yes,yes,yes,yes,no,4,3,3,1,2,5,2,12,12,12,0,0,Not At Risk,6.0,0,4.0,2.0,1,1.0,1,0,0
MS,F,17,U,LE3,A,3,2,services,other,reputation,mother,2,2,0,no,no,no,no,yes,yes,no,yes,1,2,3,1,2,5,2.0,12,12,11,mother,2,2,0,no,no,no,no,yes,yes,1,2,3,1,2,5,0,15,14,15,0,0,Not At Risk,2.0,0,2.5,2.0,0,1.0,0,1,0
MS,M,18,U,LE3,T,1,1,other,services,home,father,2,1,0,no,no,no,no,no,yes,yes,yes,3,3,2,1,2,3,4.0,10,10,10,father,2,1,0,no,no,no,no,yes,yes,3,3,2,1,2,3,2,14,13,14,0,0,Not At Risk,6.0,0,1.0,1.0,0,1.0,1,1,0
MS,F,18,U,LE3,T,1,1,at_home,services,course,father,2,3,0,no,no,no,no,yes,yes,yes,no,5,3,2,1,1,4,0.0,18,16,16,father,2,3,0,no,no,no,no,yes,no,5,3,2,1,1,4,0,19,17,18,0,0,Not At Risk,0.0,0,1.0,3.0,0,1.0,1,1,0
MS,F,18,U,GT3,T,3,3,services,services,other,mother,2,2,0,no,yes,no,no,yes,yes,yes,yes,4,3,2,1,3,3,0.0,11,11,10,mother,2,2,0,no,yes,no,no,yes,yes,4,3,2,1,3,3,6,13,12,13,0,0,Not At Risk,6.0,0,3.0,2.0,1,1.0,1,1,0
MS,F,17,U,LE3,T,4,4,at_home,Other,course,mother,1,2,0,no,yes,yes,yes,yes,yes,yes,yes,2,3,4,1,1,1,0.0,16,15,15,mother,1,2,0,no,yes,no,yes,yes,yes,2,3,4,1,1,1,4,15,14,15,0,0,Not At Risk,4.0,0,4.0,2.0,1,1.0,1,1,0
MS,F,17,R,GT3,T,1,2,other,services,course,father,2,2,0,no,no,no,no,no,yes,no,no,3,2,2,1,2,3,0.0,12,11,12,father,2,2,0,no,no,no,no,yes,no,3,2,2,1,2,3,0,13,13,13,0,0,Not At Risk,0.0,0,1.5,2.0,0,1.0,0,0,0
MS,M,18,R,GT3,T,1,3,at_home,other,course,mother,2,2,0,no,yes,yes,no,yes,yes,no,no,3,3,4,2,4,3,4.0,10,10,10,mother,2,2,0,no,yes,yes,no,yes,no,3,3,4,2,4,3,0,8,10,9,0,1,At Risk (Port Only),4.0,0,2.0,2.0,1,2.0,0,0,0
MS,M,18,U,LE3,T,4,4,teacher,services,other,mother,2,3,0,no,no,yes,no,yes,yes,yes,yes,4,2,2,2,2,5,0.0,13,13,13,mother,2,3,0,no,no,no,no,yes,yes,4,2,2,2,2,5,0,15,16,16,0,0,Not At Risk,0.0,0,4.0,3.0,0,2.0,1,1,0
MS,F,17,R,GT3,T,1,1,other,services,reputation,mother,3,1,1,no,yes,yes,no,yes,yes,yes,yes,5,2,1,1,2,1,0.0,7,6,0,mother,3,1,1,no,yes,no,no,yes,yes,5,2,1,1,2,1,0,8,8,9,1,1,At Risk (Both),0.0,2,1.0,1.0,1,1.0,1,0,0
MS,F,18,U,GT3,T,2,3,at_home,services,course,father,2,1,0,no,yes,yes,no,yes,yes,yes,yes,5,2,3,1,2,4,0.0,11,10,10,father,2,1,0,no,yes,no,no,yes,yes,5,2,3,1,2,4,0,10,10,10,0,0,Not At Risk,0.0,0,2.5,1.0,1,1.0,1,1,0
MS,F,18,R,GT3,T,4,4,other,teacher,other,father,3,2,0,no,yes,yes,no,no,yes,yes,yes,3,2,2,4,2,5,10.0,14,12,11,father,3,2,0,no,yes,no,no,yes,yes,3,2,2,4,2,5,0,7,5,0,0,1,At Risk (Port Only),10.0,0,4.0,2.0,1,4.0,1,0,0
MS,M,18,R,LE3,T,1,2,at_home,services,other,father,3,1,0,no,yes,yes,yes,yes,Other,yes,yes,4,3,3,2,3,3,3.0,14,12,12,father,3,1,0,no,yes,no,yes,Other,yes,4,3,3,2,3,3,3,9,10,10,0,0,Not At Risk,6.0,0,1.5,1.0,1,2.0,1,0,0
MS,F,17,U,GT3,T,2,2,other,Other,home,mother,1,3,0,no,no,no,yes,yes,yes,no,yes,3,4,3,1,1,3,8.0,13,11,11,mother,1,3,0,no,no,no,yes,yes,yes,3,4,3,1,1,3,8,10,11,12,0,0,Not At Risk,16.0,0,2.0,3.0,0,1.0,0,1,0
MS,F,17,R,GT3,T,1,2,other,other,course,mother,1,1,0,no,no,no,yes,yes,yes,yes,no,3,5,5,1,3,1,14.0,6,5,5,mother,1,1,0,no,no,no,yes,yes,no,3,5,5,1,3,1,4,7,8,9,1,1,At Risk (Both),18.0,0,1.5,1.0,0,1.0,1,0,0
MS,F,18,R,LE3,T,4,4,other,other,reputation,mother,2,3,0,no,no,no,no,yes,yes,yes,no,5,4,4,1,1,1,0.0,19,18,19,mother,2,3,0,no,no,no,no,yes,no,5,4,4,1,1,1,0,15,17,17,0,0,Not At Risk,0.0,0,4.0,3.0,0,1.0,1,0,0
MS,F,18,R,GT3,T,1,1,other,other,home,mother,4,3,0,no,no,no,no,yes,yes,yes,no,4,3,2,1,2,4,2.0,8,8,10,mother,4,3,0,no,no,no,no,yes,no,4,3,2,1,2,4,4,10,11,12,0,0,Not At Risk,6.0,0,1.0,3.0,0,1.0,1,0,0
MS,F,18,R,LE3,T,4,4,teacher,services,course,mother,1,2,0,no,no,yes,yes,yes,yes,yes,no,5,4,3,3,4,2,4.0,8,9,10,mother,1,2,0,no,no,no,yes,yes,no,5,4,3,3,4,2,1,13,14,14,0,0,Not At Risk,5.0,0,4.0,2.0,0,3.0,1,0,0
MS,F,18,U,GT3,T,3,3,other,other,home,mother,1,2,0,no,no,yes,no,yes,yes,yes,yes,4,1,3,1,2,1,0.0,15,15,15,mother,1,2,0,no,no,no,no,yes,yes,4,1,3,1,2,1,1,16,16,16,0,0,Not At Risk,1.0,0,3.0,2.0,0,1.0,1,1,0
MS,F,17,R,GT3,T,3,1,at_home,other,reputation,mother,1,2,0,no,yes,yes,yes,no,yes,yes,no,4,5,4,2,3,1,17.0,10,10,10,mother,1,2,0,no,yes,no,yes,yes,no,4,5,4,2,3,1,10,8,9,9,0,1,At Risk (Port Only),27.0,0,2.0,2.0,1,2.0,1,0,0
MS,M,18,U,GT3,T,4,4,teacher,teacher,home,father,1,2,0,no,no,yes,yes,no,yes,yes,no,3,2,4,1,4,2,4.0,15,14,14,father,1,2,0,no,no,no,yes,yes,no,3,2,4,1,4,2,4,17,18,19,0,0,Not At Risk,8.0,0,4.0,2.0,0,1.0,1,1,0
MS,M,18,R,GT3,T,2,1,other,other,other,mother,2,1,0,no,no,no,yes,no,yes,yes,yes,4,4,3,1,3,5,5.0,7,6,7,mother,2,1,0,no,no,no,yes,yes,yes,4,4,3,1,3,5,0,7,7,0,1,1,At Risk (Both),5.0,0,1.5,1.0,0,1.0,1,0,0
MS,M,17,U,GT3,T,2,3,other,services,home,father,2,2,0,no,no,no,yes,yes,yes,yes,no,4,4,3,1,1,3,2.0,11,11,10,father,2,2,0,no,no,no,yes,yes,no,4,4,3,1,1,3,4,14,15,16,0,0,Not At Risk,6.0,0,2.5,2.0,0,1.0,1,1,0
MS,M,19,R,GT3,T,1,1,other,services,other,mother,2,1,1,no,no,no,no,yes,yes,no,no,4,3,2,1,3,5,0.0,6,5,0,mother,2,1,1,no,no,no,no,yes,no,4,3,2,1,3,5,0,5,8,0,1,1,At Risk (Both),0.0,2,1.0,1.0,0,1.0,0,0,0
MS,M,18,R,GT3,T,4,2,other,other,home,father,2,1,1,no,no,yes,no,yes,yes,no,no,5,4,3,4,3,3,14.0,6,5,5,father,2,1,1,no,no,yes,no,yes,no,5,4,3,4,3,3,0,7,7,0,1,1,At Risk (Both),14.0,2,3.0,1.0,0,4.0,0,0,0
MS,F,18,R,GT3,T,2,2,at_home,other,other,mother,2,3,0,no,no,yes,no,yes,yes,no,no,5,3,3,1,3,4,2.0,10,9,10,mother,2,3,0,no,no,no,no,yes,no,5,3,3,1,3,4,0,14,17,15,0,0,Not At Risk,2.0,0,2.0,3.0,0,1.0,0,0,0
MS,F,18,R,GT3,T,4,4,teacher,Other,reputation,mother,3,1,0,no,yes,yes,yes,yes,yes,yes,yes,4,4,3,2,2,5,7.0,6,5,6,mother,3,1,0,no,yes,no,yes,yes,yes,4,4,3,2,2,5,4,7,9,10,1,0,At Risk (Math Only),11.0,0,4.0,1.0,1,2.0,1,0,0
MS,F,19,R,GT3,T,2,3,services,other,course,mother,1,3,1,no,no,no,yes,no,yes,yes,no,5,4,2,1,2,5,0.0,7,5,0,mother,1,3,1,no,no,no,yes,yes,no,5,4,2,1,2,5,4,10,11,10,1,0,At Risk (Math Only),4.0,2,2.5,3.0,0,1.0,1,0,0
MS,F,18,U,LE3,T,3,1,teacher,services,course,mother,1,2,0,no,yes,yes,no,yes,yes,yes,no,4,3,4,1,1,1,0.0,7,9,8,mother,1,2,0,no,yes,no,no,yes,no,4,3,4,1,1,1,4,15,15,16,1,0,At Risk (Math Only),4.0,0,2.0,2.0,1,1.0,1,1,0
MS,F,18,U,GT3,T,1,1,other,other,course,mother,2,2,1,no,no,no,yes,yes,yes,no,no,1,1,1,1,1,5,0.0,6,5,0,mother,3,2,2,no,no,no,yes,yes,yes,3,4,4,2,2,5,3,7,8,7,1,1,At Risk (Both),3.0,3,1.0,2.0,0,1.5,0,1,0
MS,F,18,U,GT3,T,1,1,other,other,course,mother,2,2,1,no,no,no,yes,yes,yes,no,no,1,1,1,1,1,5,0.0,6,5,0,mother,2,2,0,no,no,no,yes,yes,no,1,1,1,1,1,5,6,11,12,9,1,1,At Risk (Both),6.0,1,1.0,2.0,0,1.0,0,1,0
MS,M,17,U,LE3,T,3,1,services,services,course,mother,2,1,0,no,no,no,no,no,yes,yes,no,2,4,5,3,4,2,3.0,14,16,16,mother,2,1,0,no,no,no,no,yes,no,2,4,5,3,4,2,6,10,10,10,0,0,Not At Risk,9.0,0,2.0,1.0,0,3.0,1,1,0
MS,M,18,R,LE3,T,3,2,services,other,course,mother,3,1,0,no,no,no,no,no,yes,yes,no,4,4,1,3,4,5,0.0,11,12,10,mother,3,1,0,no,no,no,no,yes,no,4,4,1,3,4,5,4,10,11,11,0,0,Not At Risk,4.0,0,2.5,1.0,0,3.0,1,0,0
